-- MySQL dump 10.13  Distrib 8.0.33, for macos13 (x86_64)
--
-- Host: localhost    Database: db_auction_system
-- ------------------------------------------------------
-- Server version	8.0.33

/*!40101 SET @OLD_CHARACTER_SET_CLIENT=@@CHARACTER_SET_CLIENT */;
/*!40101 SET @OLD_CHARACTER_SET_RESULTS=@@CHARACTER_SET_RESULTS */;
/*!40101 SET @OLD_COLLATION_CONNECTION=@@COLLATION_CONNECTION */;
/*!50503 SET NAMES utf8mb4 */;
/*!40103 SET @OLD_TIME_ZONE=@@TIME_ZONE */;
/*!40103 SET TIME_ZONE='+00:00' */;
/*!40014 SET @OLD_UNIQUE_CHECKS=@@UNIQUE_CHECKS, UNIQUE_CHECKS=0 */;
/*!40014 SET @OLD_FOREIGN_KEY_CHECKS=@@FOREIGN_KEY_CHECKS, FOREIGN_KEY_CHECKS=0 */;
/*!40101 SET @OLD_SQL_MODE=@@SQL_MODE, SQL_MODE='NO_AUTO_VALUE_ON_ZERO' */;
/*!40111 SET @OLD_SQL_NOTES=@@SQL_NOTES, SQL_NOTES=0 */;

--
-- Table structure for table `zte_approval_record`
--

DROP TABLE IF EXISTS `zte_approval_record`;
/*!40101 SET @saved_cs_client     = @@character_set_client */;
/*!50503 SET character_set_client = utf8mb4 */;
CREATE TABLE `zte_approval_record` (
  `id` bigint NOT NULL AUTO_INCREMENT,
  `create_time` datetime NOT NULL,
  `update_time` datetime NOT NULL,
  `project_status` int NOT NULL,
  `reason` varchar(255) DEFAULT NULL,
  `bidding_project_id` bigint DEFAULT NULL,
  `user_id` bigint DEFAULT NULL,
  PRIMARY KEY (`id`),
  KEY `FKt9me95rhs7emcvicwbme8uadc` (`bidding_project_id`),
  KEY `FKnwbp34haxmyr5120kuetkftn1` (`user_id`),
  CONSTRAINT `FKnwbp34haxmyr5120kuetkftn1` FOREIGN KEY (`user_id`) REFERENCES `zte_user` (`id`),
  CONSTRAINT `FKt9me95rhs7emcvicwbme8uadc` FOREIGN KEY (`bidding_project_id`) REFERENCES `zte_bidding_project` (`id`)
) ENGINE=InnoDB AUTO_INCREMENT=12 DEFAULT CHARSET=utf8mb3;
/*!40101 SET character_set_client = @saved_cs_client */;

--
-- Dumping data for table `zte_approval_record`
--

LOCK TABLES `zte_approval_record` WRITE;
/*!40000 ALTER TABLE `zte_approval_record` DISABLE KEYS */;
INSERT INTO `zte_approval_record` VALUES (1,'2021-02-04 14:46:32','2021-02-04 14:46:32',2,'重新提交',2,1),(2,'2021-02-04 14:47:04','2021-02-04 14:47:04',3,'不错',2,1),(3,'2021-02-04 15:29:41','2021-02-04 15:29:41',3,'',3,1),(4,'2021-02-04 16:26:03','2021-02-04 16:26:03',3,'很优秀',4,1),(5,'2021-02-04 16:42:45','2021-02-04 16:42:45',3,'很优秀',5,1),(6,'2021-02-04 16:53:00','2021-02-04 16:53:00',3,'',6,1),(7,'2021-02-04 17:20:07','2021-02-04 17:20:07',3,'',7,1),(8,'2021-02-04 18:02:43','2021-02-04 18:02:43',2,'',8,1),(9,'2021-02-04 18:05:17','2021-02-04 18:05:17',2,'',8,1),(10,'2021-02-04 18:07:13','2021-02-04 18:07:13',2,'',8,1),(11,'2021-02-04 18:09:36','2021-02-04 18:09:36',3,'',9,1);
/*!40000 ALTER TABLE `zte_approval_record` ENABLE KEYS */;
UNLOCK TABLES;

--
-- Table structure for table `zte_bidding_apply`
--

DROP TABLE IF EXISTS `zte_bidding_apply`;
/*!40101 SET @saved_cs_client     = @@character_set_client */;
/*!50503 SET character_set_client = utf8mb4 */;
CREATE TABLE `zte_bidding_apply` (
  `id` bigint NOT NULL AUTO_INCREMENT,
  `create_time` datetime NOT NULL,
  `update_time` datetime NOT NULL,
  `earnest_money` int DEFAULT NULL,
  `status` int DEFAULT NULL,
  `bidding_project_id` bigint DEFAULT NULL,
  `home_user_id` bigint DEFAULT NULL,
  PRIMARY KEY (`id`),
  KEY `FK393u2hxmlixr2vgg8o1lii8w2` (`bidding_project_id`),
  KEY `FKgttnro36g77mh92geboxtl5md` (`home_user_id`),
  CONSTRAINT `FK393u2hxmlixr2vgg8o1lii8w2` FOREIGN KEY (`bidding_project_id`) REFERENCES `zte_bidding_project` (`id`),
  CONSTRAINT `FKgttnro36g77mh92geboxtl5md` FOREIGN KEY (`home_user_id`) REFERENCES `zte_home_user` (`id`)
) ENGINE=InnoDB AUTO_INCREMENT=16 DEFAULT CHARSET=utf8mb3;
/*!40101 SET character_set_client = @saved_cs_client */;

--
-- Dumping data for table `zte_bidding_apply`
--

LOCK TABLES `zte_bidding_apply` WRITE;
/*!40000 ALTER TABLE `zte_bidding_apply` DISABLE KEYS */;
INSERT INTO `zte_bidding_apply` VALUES (1,'2021-02-04 14:50:50','2021-02-04 15:30:00',3000,2,2,1),(2,'2021-02-04 14:51:34','2021-02-04 15:30:00',3000,2,2,5),(3,'2021-02-04 14:51:47','2021-02-04 15:42:18',3000,2,2,4),(4,'2021-02-04 15:36:49','2021-02-04 16:05:00',5000,2,3,5),(5,'2021-02-04 15:36:51','2021-02-04 16:05:15',5000,2,3,1),(6,'2021-02-04 16:27:16','2021-02-04 16:33:00',3000,2,4,1),(7,'2021-02-04 16:28:13','2021-02-04 16:33:00',3000,2,4,5),(8,'2021-02-04 16:28:33','2021-02-04 16:33:00',3000,2,4,4),(9,'2021-02-04 16:45:44','2021-02-04 17:05:00',5000,2,5,1),(10,'2021-02-04 16:47:02','2021-02-04 17:07:56',5000,2,5,4),(11,'2021-02-04 16:55:39','2021-02-04 17:18:43',2000,2,6,1),(12,'2021-02-04 16:55:40','2021-02-04 17:15:00',2000,2,6,4),(13,'2021-02-04 17:23:57','2021-02-04 17:47:16',1000,3,7,1),(14,'2021-02-04 18:10:13','2021-02-04 18:10:13',200,1,9,4),(15,'2021-02-04 18:10:27','2021-02-04 18:25:00',200,2,9,1);
/*!40000 ALTER TABLE `zte_bidding_apply` ENABLE KEYS */;
UNLOCK TABLES;

--
-- Table structure for table `zte_bidding_collect`
--

DROP TABLE IF EXISTS `zte_bidding_collect`;
/*!40101 SET @saved_cs_client     = @@character_set_client */;
/*!50503 SET character_set_client = utf8mb4 */;
CREATE TABLE `zte_bidding_collect` (
  `id` bigint NOT NULL AUTO_INCREMENT,
  `create_time` datetime NOT NULL,
  `update_time` datetime NOT NULL,
  `bidding_project_id` bigint DEFAULT NULL,
  `home_user_id` bigint DEFAULT NULL,
  PRIMARY KEY (`id`),
  KEY `FK60lk1160hqerv1cg5mpltcp5f` (`bidding_project_id`),
  KEY `FKc7j7pyxw3vy5enleeujhki1r8` (`home_user_id`),
  CONSTRAINT `FK60lk1160hqerv1cg5mpltcp5f` FOREIGN KEY (`bidding_project_id`) REFERENCES `zte_bidding_project` (`id`),
  CONSTRAINT `FKc7j7pyxw3vy5enleeujhki1r8` FOREIGN KEY (`home_user_id`) REFERENCES `zte_home_user` (`id`)
) ENGINE=InnoDB AUTO_INCREMENT=10 DEFAULT CHARSET=utf8mb3;
/*!40101 SET character_set_client = @saved_cs_client */;

--
-- Dumping data for table `zte_bidding_collect`
--

LOCK TABLES `zte_bidding_collect` WRITE;
/*!40000 ALTER TABLE `zte_bidding_collect` DISABLE KEYS */;
INSERT INTO `zte_bidding_collect` VALUES (4,'2021-02-04 14:52:02','2021-02-04 14:52:02',2,4),(5,'2021-02-04 14:53:35','2021-02-04 14:53:35',2,5),(6,'2021-02-04 15:23:07','2021-02-04 15:23:07',2,1),(7,'2021-03-05 14:07:35','2021-03-05 14:07:35',9,5),(8,'2021-03-05 14:07:49','2021-03-05 14:07:49',7,5),(9,'2021-03-05 14:07:54','2021-03-05 14:07:54',6,5);
/*!40000 ALTER TABLE `zte_bidding_collect` ENABLE KEYS */;
UNLOCK TABLES;

--
-- Table structure for table `zte_bidding_inform`
--

DROP TABLE IF EXISTS `zte_bidding_inform`;
/*!40101 SET @saved_cs_client     = @@character_set_client */;
/*!50503 SET character_set_client = utf8mb4 */;
CREATE TABLE `zte_bidding_inform` (
  `id` bigint NOT NULL AUTO_INCREMENT,
  `create_time` datetime NOT NULL,
  `update_time` datetime NOT NULL,
  `remark` varchar(255) DEFAULT NULL,
  `bidding_project_id` bigint DEFAULT NULL,
  PRIMARY KEY (`id`),
  KEY `FKqwqg1ksxg76cbujced8m9e73x` (`bidding_project_id`),
  CONSTRAINT `FKqwqg1ksxg76cbujced8m9e73x` FOREIGN KEY (`bidding_project_id`) REFERENCES `zte_bidding_project` (`id`)
) ENGINE=InnoDB DEFAULT CHARSET=utf8mb3;
/*!40101 SET character_set_client = @saved_cs_client */;

--
-- Dumping data for table `zte_bidding_inform`
--

LOCK TABLES `zte_bidding_inform` WRITE;
/*!40000 ALTER TABLE `zte_bidding_inform` DISABLE KEYS */;
/*!40000 ALTER TABLE `zte_bidding_inform` ENABLE KEYS */;
UNLOCK TABLES;

--
-- Table structure for table `zte_bidding_project`
--

DROP TABLE IF EXISTS `zte_bidding_project`;
/*!40101 SET @saved_cs_client     = @@character_set_client */;
/*!50503 SET character_set_client = utf8mb4 */;
CREATE TABLE `zte_bidding_project` (
  `id` bigint NOT NULL AUTO_INCREMENT,
  `create_time` datetime NOT NULL,
  `update_time` datetime NOT NULL,
  `applicants_number` int DEFAULT NULL,
  `area` varchar(255) NOT NULL,
  `auction_times` int DEFAULT NULL,
  `bidding_end_time` datetime DEFAULT NULL,
  `bidding_information` longtext,
  `biddind_start_time` datetime DEFAULT NULL,
  `bond` int NOT NULL,
  `certificate` varchar(255) DEFAULT NULL,
  `circulation_end_time` datetime DEFAULT NULL,
  `city` varchar(255) NOT NULL,
  `contacts` varchar(11) NOT NULL,
  `current_price` int DEFAULT NULL,
  `delay_period` int DEFAULT NULL,
  `description` longtext,
  `end_time` datetime DEFAULT NULL,
  `notice` longtext,
  `payment_date` varchar(255) DEFAULT NULL,
  `payment_method` varchar(255) DEFAULT NULL,
  `phone` varchar(16) NOT NULL,
  `picture` varchar(512) NOT NULL,
  `project_number` varchar(255) NOT NULL,
  `project_status` int NOT NULL,
  `province` varchar(255) NOT NULL,
  `rate` decimal(19,2) NOT NULL,
  `rate_increase` int NOT NULL,
  `reason` varchar(255) DEFAULT NULL,
  `start_price` int NOT NULL,
  `start_time` datetime NOT NULL,
  `title` varchar(255) NOT NULL,
  `transaction_price` int DEFAULT NULL,
  `transaction_time` datetime DEFAULT NULL,
  `transferor` varchar(255) NOT NULL,
  `views_number` int DEFAULT NULL,
  `years` int NOT NULL,
  `years_type` int NOT NULL,
  `home_user_id` bigint DEFAULT NULL,
  `label_type_id` bigint DEFAULT NULL,
  `organization` bigint DEFAULT NULL,
  PRIMARY KEY (`id`),
  KEY `FKkj57sm825ljlacthonxdqxye` (`home_user_id`),
  KEY `FKgh62x0afjhyis1qc88522b99r` (`label_type_id`),
  KEY `FK4uu04i93yrxjnae8epf4ijoq5` (`organization`),
  CONSTRAINT `FK4uu04i93yrxjnae8epf4ijoq5` FOREIGN KEY (`organization`) REFERENCES `zte_organization` (`id`),
  CONSTRAINT `FKgh62x0afjhyis1qc88522b99r` FOREIGN KEY (`label_type_id`) REFERENCES `zte_label_type` (`id`),
  CONSTRAINT `FKkj57sm825ljlacthonxdqxye` FOREIGN KEY (`home_user_id`) REFERENCES `zte_home_user` (`id`)
) ENGINE=InnoDB AUTO_INCREMENT=10 DEFAULT CHARSET=utf8mb3;
/*!40101 SET character_set_client = @saved_cs_client */;

--
-- Dumping data for table `zte_bidding_project`
--

LOCK TABLES `zte_bidding_project` WRITE;
/*!40000 ALTER TABLE `zte_bidding_project` DISABLE KEYS */;
INSERT INTO `zte_bidding_project` VALUES (2,'2021-02-04 14:45:15','2021-02-04 15:42:18',3,'川汇区',48,'2021-02-04 15:30:00','<p style=\"text-indent:32.0px;\">\r\n	一、本《拍卖须知》根据《中华人民共和国民事诉讼法》、《最高人民法院关于人民法院网络司法拍卖若干问题的规定》等相关法律规定制订，竞买人应认真仔细阅读，充分了解本须知的全部内容。\r\n</p>\r\n<p style=\"text-indent:32.0px;\">\r\n	二、本次拍卖活动遵循“公开、公平、公正、诚实守信”的原则，拍卖活动具有法律效力。参加本次拍卖活动的人员和竞买人必须遵守本须知及本次拍卖公告的各项条款，也须符合由国务院及相关标的所在政府有关机动车调控政策的相关规定，竞买人应自行比对自身是否符合政府规定。拍卖成交后，如果买受人不符合国家和当地政府的相应规定（无论是故意或过失或其他原因）而造成拍卖标的无法办理过户登记手续的，则须对自己的行为承担相应法律责任。\r\n</p>','2021-02-04 15:05:00',3000,'20210204/1612421027361.jpg','2022-02-04 15:42:18','周口市','中兴',150500,5,'<p style=\"text-indent:32.0px;\">\r\n	拍卖标的：湘JG2927斯柯达牌小型轿车；\r\n</p>\r\n<p style=\"text-indent:32.0px;\">\r\n	车辆型号：SVW71413DR；\r\n</p>\r\n<p style=\"text-indent:32.0px;\">\r\n	发动机号：034057；\r\n</p>\r\n<p style=\"text-indent:32.0px;\">\r\n	车架号：LSVAD2NG6DN030488；\r\n</p>\r\n<p style=\"text-indent:32.0px;\">\r\n	使用性质：非营运；\r\n</p>\r\n<p style=\"text-indent:32.0px;\">\r\n	燃料种类：汽油；\r\n</p>\r\n<p style=\"text-indent:32.0px;\">\r\n	表显里程：不详；\r\n</p>\r\n<p style=\"text-indent:32.0px;\">\r\n	年检有效期: 2021年3月；\r\n</p>\r\n<p style=\"text-indent:32.0px;\">\r\n	启用日期:2014年3月；\r\n</p>\r\n<p style=\"text-indent:32.0px;\">\r\n	带外地牌；\r\n</p>','2021-02-04 15:00:00','<p style=\"text-indent:32px;background:white;\">\r\n	一、拍卖标的：湘JG2927斯柯达牌小型轿车；车辆型号：SVW71413DR；发动机号：034057；车架号：LSVAD2NG6DN030488；使用性质：非营运；燃料种类：汽油；表显里程：不详；年检有效期: 2021年3月；启用日期:2014年3月；带外地牌；无车辆登记证、有行驶证、无购置证、有钥匙；2020年10月12日查询无违章（仅供参考）；有查封；白色；排量：1395ml；有停车费：自2020年8月26日起，每天36元（请买受人与场地方自行结算）；车辆停放地址：上海市宝山区富锦路645号。\r\n</p>\r\n<p style=\"text-indent:32px;background:white;\">\r\n	<strong>网络询价</strong>：3.64万元\r\n</p>\r\n<p style=\"text-indent:32px;background:white;\">\r\n	<strong>起拍价</strong>:2.6万元；保证金：3千元；增价幅度：500元及其倍数。\r\n</p>','竞价结束后15个自然日','通过平台交易支付','15518166316','20210204/1612421018772.jpg;20210204/1612421024482.jpg;20210204/1612421130697.jpg','xm0C94FB2F11B74123',7,'河南省',10.00,500,'不错',26000,'2021-02-04 14:50:00','2018款斯柯达',150500,'2021-02-04 15:42:18','中兴',340,1,0,4,11,1),(3,'2021-02-04 15:28:05','2021-02-04 16:05:15',2,'浦东新区',7,'2021-02-04 16:05:00','<img src=\"https://img.alicdn.com/imgextra/i1/O1CN015VgY5r2IAicWVP44Y_!!2-paimai.png\" />','2021-02-04 15:45:00',5000,'20210204/1612423547739.jpg','2022-02-04 16:05:15','上海市市辖区','zr',16,5,'<ul class=\"basic-info fn-clear\" style=\"color:#666666;font-family:PingFangSC-Regular, &quot;background-color:#FFFFFF;\">\r\n	<li class=\"fn-ellipsis\">\r\n		品牌: Blancpain/宝珀\r\n	</li>\r\n	<li class=\"fn-ellipsis\">\r\n		系列: -\r\n	</li>\r\n	<li class=\"fn-ellipsis\">\r\n		风格: 时尚\r\n	</li>\r\n	<li class=\"fn-ellipsis\">\r\n		保修: 店铺保修\r\n	</li>\r\n	<li class=\"fn-ellipsis\">\r\n		品牌产地: 瑞士\r\n	</li>\r\n	<li class=\"fn-ellipsis\">\r\n		机芯类型: 机械机芯-自动机械机芯\r\n	</li>\r\n	<li class=\"fn-ellipsis\">\r\n		表带材质: 真皮\r\n	</li>\r\n	<li class=\"fn-ellipsis\">\r\n		价格范围: 50000-99999\r\n	</li>\r\n	<li class=\"fn-ellipsis\">\r\n		表壳材质: 精钢\r\n	</li>\r\n	<li class=\"fn-ellipsis\">\r\n		手表种类: 男\r\n	</li>\r\n	<li class=\"fn-ellipsis\">\r\n		防水深度: --\r\n	</li>\r\n	<li class=\"fn-ellipsis\">\r\n		鉴定机构: 商家自检\r\n	</li>\r\n	<li class=\"fn-ellipsis\">\r\n		手表镜面材质: 人工合成蓝宝石表镜\r\n	</li>\r\n</ul>','2021-02-04 15:40:00','<img src=\"https://img.alicdn.com/imgextra/i1/O1CN015VgY5r2IAicWVP44Y_!!2-paimai.png\" />','竞价结束后5个自然日','线上平台交易','13456789101','20210204/1612423541842.jpg','xmC7A2E7288F83496B',7,'上海市',10.00,1,'',0,'2021-02-04 15:35:00','[高奢]95新 宝珀经典系列月相',16,'2021-02-04 16:05:15','zxy',102,1,1,1,14,1),(4,'2021-02-04 16:25:10','2021-02-04 16:25:10',3,'川汇区',0,'2021-02-04 16:33:00','<img src=\"/photo/view?filename=/20210204/1612427109457.jpg\" alt=\"\" />','2021-02-04 16:32:00',3000,'20210204/1612426936693.png',NULL,'周口市','中兴',500,5,'<ul class=\"basic-info fn-clear\">\r\n	<li class=\"fn-ellipsis\">\r\n		品牌: Franck Muller/法兰穆勒\r\n	</li>\r\n	<li class=\"fn-ellipsis\">\r\n		系列: -\r\n	</li>\r\n	<li class=\"fn-ellipsis\">\r\n		保修: 店铺保修\r\n	</li>\r\n	<li class=\"fn-ellipsis\">\r\n		品牌产地: 瑞士\r\n	</li>\r\n	<li class=\"fn-ellipsis\">\r\n		机芯类型: 机械机芯-手动机械机芯\r\n	</li>\r\n	<li class=\"fn-ellipsis\">\r\n		表带材质: 其他\r\n	</li>\r\n	<li class=\"fn-ellipsis\">\r\n		价格范围: 50000-99999\r\n	</li>\r\n	<li class=\"fn-ellipsis\">\r\n		表壳材质: 其他\r\n	</li>\r\n	<li class=\"fn-ellipsis\">\r\n		手表种类: 男\r\n	</li>\r\n	<li class=\"fn-ellipsis\">\r\n		鉴定机构: 商家自检\r\n	</li>\r\n	<li class=\"fn-ellipsis\">\r\n		手表镜面材质: 人工合成蓝宝石表镜\r\n	</li>\r\n</ul>','2021-02-04 16:30:00','<img src=\"/photo/view?filename=/20210204/1612427102316.jpg\" alt=\"\" />','竞价结束后15个自然日','通过平台交易支付','15518166316','20210204/1612426926994.jpg;20210204/1612426930893.jpg;20210204/1612426933018.jpg','xm5392B258A3774760',6,'河南省',20.00,500,'很优秀',500,'2021-02-04 16:27:00','劳莱士手表镶金版',0,NULL,'中兴',83,1,0,NULL,14,1),(5,'2021-02-04 16:42:22','2021-02-04 17:07:56',2,'川汇区',2,'2021-02-04 17:05:00','<p>\r\n	<span>一、本《</span><span>竞</span><span>买须知》根据《中华人民共和国民事诉讼法》等相关法律规定所制订，竞买人应认真仔细阅读，了解本须知的全部内容。</span>\r\n</p>\r\n<p>\r\n	<span>二、本次拍卖活动遵循</span>“公开、公平、公正、诚实守信”的原则，拍卖活动具备法律效力。参加本次拍卖活动的当事人和竞买人必须遵守本须知的各项条款，并对自己的行为承担法律责任。\r\n</p>\r\n<p>\r\n	<span>三、标的</span><span>物</span><span>：</span><span>景谷泰毓建材有限</span><span>公司</span><span>位于云南省普洱市景谷傣族彝族自治县东巴工业园区</span>1<span>项土地使用权（权证号为景国用（</span><span>2013</span><span>）第</span><span>001506</span><span>号）</span><span>和及相关地上</span>11<span>项建筑物和</span><span>18</span><span>项构筑物。</span>\r\n</p>\r\n<p>\r\n	<span>四、拍卖标的以现状进行拍卖，所产生的相关费用由买受人承担。</span>\r\n</p>','2021-02-04 16:55:00',5000,'20210204/1612428040288.jpg',NULL,'周口市','中兴',15000,5,'<p>\r\n	<img src=\"/photo/view?filename=/20210204/1612428138944.jpg\" alt=\"\" />\r\n</p>','2021-02-04 16:50:00','<p>\r\n	<span>根据《中华人民共和国企业破产法》、最高人民法院《关于人民法院网络司法拍卖若干问题的规定》等相关规定及第一次债权人会议通过的《景谷泰毓建材有限公司财产变价方案》，景谷泰毓建材</span><span>公司破产管理人将于</span>2021<span>年</span>2<span>月</span>3<span>日</span>20 <span>时至</span>2021<span>年</span>2<span>月</span>4<span>日</span>20<span>时止（延时除外）在阿里巴巴司法拍卖网络平台</span>(<span>账户名：</span><span>景谷泰毓建材</span><span>有限公司</span><span>管理人</span>)<span>上进行公开拍卖活动，现公告如下：</span>\r\n</p>\r\n<p>\r\n	一、<span>拍卖</span><span>依据：</span>\r\n</p>\r\n<p>\r\n	<span>云南省景谷傣族彝族自治县</span><span>人民法院</span><span>（</span><span>以下简称</span>“景谷县法院”）<span>于</span>2019<span>年</span>4<span>月</span>15<span>日作出（</span>2019<span>）</span><span>云</span>0824<span>破申</span><span>1</span><span>号民事裁定书，依法受理</span><span>景谷泰毓建材</span><span>有限公司</span><span>（</span><span>以下简称</span>“泰毓”）<span>破产清算一案，为保证破产程序顺利进行，</span><span>于同</span><span>日指定</span><span>北京德恒（昆明）</span><span>律师事务所担任本案的破产管理人。</span>\r\n</p>','竞价结束后15个自然日','通过平台交易支付','15518166316','20210204/1612428016877.jpg;20210204/1612428019122.jpg;20210204/1612428025209.jpg','xm5CB20F57D6494A13',7,'河南省',20.00,5000,'很优秀',10000,'2021-02-04 16:45:00','景谷泰毓建材1',15000,'2021-02-04 17:07:56','中兴',52,1,0,4,5,1),(6,'2021-02-04 16:52:14','2021-02-04 17:18:43',2,'中原区',5,'2021-02-04 17:15:00','<a class=\"img-wrap no-link\" target=\"_blank\"><img src=\"http://gtms03.alicdn.com/tps/i3/TB11WG_IVXXXXXEXFXXajgU_FXX-904-688.jpg\" alt=\"\" /></a>','2021-02-04 17:05:00',2000,'20210204/1612428585660.jpg','2026-02-04 17:18:43','郑州市','aaa',1700,5,'<ul class=\"basic-info fn-clear\" style=\"color:#666666;font-family:PingFangSC-Regular, &quot;background-color:#FFFFFF;\">\r\n	<li class=\"fn-ellipsis\">\r\n		品牌: Omega/欧米茄\r\n	</li>\r\n	<li class=\"fn-ellipsis\">\r\n		Omega/欧米茄品牌: -\r\n	</li>\r\n	<li class=\"fn-ellipsis\">\r\n		保修: 店铺保修\r\n	</li>\r\n	<li class=\"fn-ellipsis\">\r\n		品牌产地: 瑞士\r\n	</li>\r\n	<li class=\"fn-ellipsis\">\r\n		机芯类型: 机械机芯-自动机械机芯\r\n	</li>\r\n	<li class=\"fn-ellipsis\">\r\n		表带材质: 其他\r\n	</li>\r\n	<li class=\"fn-ellipsis\">\r\n		价格范围: 10000-19999\r\n	</li>\r\n	<li class=\"fn-ellipsis\">\r\n		表壳材质: 其他\r\n	</li>\r\n	<li class=\"fn-ellipsis\">\r\n		手表种类: 男\r\n	</li>\r\n	<li class=\"fn-ellipsis\">\r\n		鉴定机构: 商家自检\r\n	</li>\r\n	<li class=\"fn-ellipsis\">\r\n		手表镜面材质: 人工合成蓝宝石表镜\r\n	</li>\r\n	<li class=\"fn-ellipsis\">\r\n		机芯产地: 瑞士\r\n	</li>\r\n</ul>','2021-02-04 17:00:00','<div class=\"title\" style=\"margin:0px 0px 0px 30px;padding:0px;\">\r\n	送拍机构承诺如实描述拍品；\r\n</div>\r\n<i class=\"icon icon-c1\"></i>\r\n<div class=\"title\" style=\"margin:0px 0px 0px 30px;padding:0px;\">\r\n	送拍机构成交不卖，则拍品保证金退一赔五（汽车/房产品类退一赔一）作为赔付给竞买成功人；\r\n</div>\r\n<i class=\"icon icon-c1\"></i>\r\n<div class=\"title\" style=\"margin:0px 0px 0px 30px;padding:0px;\">\r\n	关于运费：竞拍成功后，由送拍机构承担发货运费（港澳台除外）；其中拍卖行送拍的拍品，以及房地产、新车/二手车、媒体广告、运输设备、资产、媒体名人、虚拟、活体、服务类拍品，实物重50斤以上(大件家具30斤以上)或面积大于2个平方的拍品，以及类目有特别规定的不包邮；\r\n</div>\r\n<i class=\"icon icon-c1\"></i>\r\n<div class=\"title\" style=\"margin:0px 0px 0px 30px;padding:0px;\">\r\n	关于拍卖行佣金收取：依据《中华人民共和国拍卖法》的规定，竞买人在竞拍成功后，需根据拍卖行约定（商品页面描述佣金额），缴纳约定比例、数额的佣金。\r\n</div>','竞价结束后5个自然日','线上平台交易','13456789101','20210204/1612428580774.png','xm02BB4CC5A07342FF',7,'河南省',5.00,300,'',500,'2021-02-04 16:55:00','欧米茄Omega星座自动机械手表男士正品',1700,'2021-02-04 17:18:43','zxy',54,5,1,1,14,1),(7,'2021-02-04 17:19:56','2021-02-04 17:47:16',1,'河东区',1,'2021-02-04 17:35:00','1','2021-02-04 17:26:00',1000,'',NULL,'天津市市辖区','aaa',0,5,'1','2021-02-04 17:25:00','1','竞价结束后5个自然日','线上平台交易','13456789101','20210204/1612430353916.jpg','xmB3376B6A7B2349EE',6,'天津市',0.00,1,'',0,'2021-02-04 17:22:00','逾期测试1',0,NULL,'zxy',47,1,0,NULL,8,1),(8,'2021-02-04 17:35:50','2021-02-04 18:09:15',0,'和平区',0,'2021-02-04 18:25:00','11','2021-02-04 18:20:00',100,'',NULL,'天津市市辖区','aaa',10,5,'11','2021-02-04 18:15:00','11','竞价结束后5个自然日','线上平台交易','13456789101','20210204/1612431303498.jpg','xm96A5FB2AFD2C49DE',8,'天津市',1.00,100,NULL,10,'2021-02-04 18:10:00','1111',0,NULL,'123',0,1,1,NULL,5,1),(9,'2021-02-04 18:08:29','2021-02-04 18:08:29',2,'密云区',3,'2021-02-04 18:25:00','<span style=\"color:#333333;font-family:&quot;background-color:#F9F9F9;font-size:16px !important;line-height:43px !important;\">标的类型：农户承包土地经营权_耕地</span><span style=\"color:#333333;font-family:&quot;background-color:#F9F9F9;font-size:16px !important;line-height:43px !important;\">标的名称：梁家镇邢寨村土地经营权流转</span><span style=\"color:#333333;font-family:&quot;background-color:#F9F9F9;font-size:16px !important;line-height:43px !important;\">面积：93.72</span><span style=\"color:#333333;font-family:&quot;background-color:#F9F9F9;font-size:16px !important;line-height:43px !important;\">单位：亩</span><span style=\"color:#333333;font-family:&quot;background-color:#F9F9F9;font-size:16px !important;line-height:43px !important;\">地形规则：规则</span><span style=\"color:#333333;font-family:&quot;background-color:#F9F9F9;font-size:16px !important;line-height:43px !important;\">年限：10</span><span style=\"color:#333333;font-family:&quot;background-color:#F9F9F9;font-size:16px !important;line-height:43px !important;\">地址：梁家镇邢寨村</span>','2021-02-04 18:15:00',200,'20210204/1612433176812.jpg',NULL,'北京市市辖区','钟锐',90,5,'<span style=\"color:#333333;font-family:&quot;background-color:#F9F9F9;font-size:16px !important;line-height:43px !important;\">标的类型：农户承包土地经营权_耕地</span><span style=\"color:#333333;font-family:&quot;background-color:#F9F9F9;font-size:16px !important;line-height:43px !important;\">标的名称：梁家镇邢寨村土地经营权流转</span><span style=\"color:#333333;font-family:&quot;background-color:#F9F9F9;font-size:16px !important;line-height:43px !important;\">面积：93.72</span><span style=\"color:#333333;font-family:&quot;background-color:#F9F9F9;font-size:16px !important;line-height:43px !important;\">单位：亩</span><span style=\"color:#333333;font-family:&quot;background-color:#F9F9F9;font-size:16px !important;line-height:43px !important;\">地形规则：规则</span><span style=\"color:#333333;font-family:&quot;background-color:#F9F9F9;font-size:16px !important;line-height:43px !important;\">年限：10</span><span style=\"color:#333333;font-family:&quot;background-color:#F9F9F9;font-size:16px !important;line-height:43px !important;\">地址：梁家镇邢寨村</span>','2021-02-04 18:15:00','<span style=\"color:#333333;font-family:&quot;background-color:#F9F9F9;font-size:16px !important;line-height:43px !important;\">标的类型：农户承包土地经营权_耕地</span><span style=\"color:#333333;font-family:&quot;background-color:#F9F9F9;font-size:16px !important;line-height:43px !important;\">标的名称：梁家镇邢寨村土地经营权流转</span><span style=\"color:#333333;font-family:&quot;background-color:#F9F9F9;font-size:16px !important;line-height:43px !important;\">面积：93.72</span><span style=\"color:#333333;font-family:&quot;background-color:#F9F9F9;font-size:16px !important;line-height:43px !important;\">单位：亩</span><span style=\"color:#333333;font-family:&quot;background-color:#F9F9F9;font-size:16px !important;line-height:43px !important;\">地形规则：规则</span><span style=\"color:#333333;font-family:&quot;background-color:#F9F9F9;font-size:16px !important;line-height:43px !important;\">年限：10</span><span style=\"color:#333333;font-family:&quot;background-color:#F9F9F9;font-size:16px !important;line-height:43px !important;\">地址：梁家镇邢寨村</span>','15天之后','平台','18186000288','20210204/1612433171320.jpg','xm4D749BC1DFAE404D',5,'北京市',5.00,10,'',10,'2021-02-04 18:10:00','拍卖找轩轩',0,NULL,'锐锐字',53,1,0,NULL,5,2);
/*!40000 ALTER TABLE `zte_bidding_project` ENABLE KEYS */;
UNLOCK TABLES;

--
-- Table structure for table `zte_bidding_record`
--

DROP TABLE IF EXISTS `zte_bidding_record`;
/*!40101 SET @saved_cs_client     = @@character_set_client */;
/*!50503 SET character_set_client = utf8mb4 */;
CREATE TABLE `zte_bidding_record` (
  `id` bigint NOT NULL AUTO_INCREMENT,
  `create_time` datetime NOT NULL,
  `update_time` datetime NOT NULL,
  `bid` int DEFAULT NULL,
  `bidding_status` int DEFAULT NULL,
  `overdue_status` int DEFAULT NULL,
  `pay_status` int DEFAULT NULL,
  `bidding_project_id` bigint DEFAULT NULL,
  `home_user_id` bigint DEFAULT NULL,
  PRIMARY KEY (`id`),
  KEY `FKd7uwni31riycnqihkiwgwfffw` (`bidding_project_id`),
  KEY `FKhaeb9y4ilqwfso3tw8nc2djxi` (`home_user_id`),
  CONSTRAINT `FKd7uwni31riycnqihkiwgwfffw` FOREIGN KEY (`bidding_project_id`) REFERENCES `zte_bidding_project` (`id`),
  CONSTRAINT `FKhaeb9y4ilqwfso3tw8nc2djxi` FOREIGN KEY (`home_user_id`) REFERENCES `zte_home_user` (`id`)
) ENGINE=InnoDB AUTO_INCREMENT=67 DEFAULT CHARSET=utf8mb3;
/*!40101 SET character_set_client = @saved_cs_client */;

--
-- Dumping data for table `zte_bidding_record`
--

LOCK TABLES `zte_bidding_record` WRITE;
/*!40000 ALTER TABLE `zte_bidding_record` DISABLE KEYS */;
INSERT INTO `zte_bidding_record` VALUES (1,'2021-02-04 15:05:12','2021-02-04 15:05:12',47000,0,0,0,2,1),(2,'2021-02-04 15:07:11','2021-02-04 15:07:11',47000,0,0,0,2,1),(3,'2021-02-04 15:07:13','2021-02-04 15:07:13',42000,0,0,0,2,4),(4,'2021-02-04 15:07:35','2021-02-04 15:07:35',44000,0,0,0,2,4),(5,'2021-02-04 15:07:44','2021-02-04 15:07:44',44500,0,0,0,2,4),(6,'2021-02-04 15:08:13','2021-02-04 15:08:13',51000,0,0,0,2,1),(7,'2021-02-04 15:08:24','2021-02-04 15:08:24',60000,0,0,0,2,4),(8,'2021-02-04 15:08:30','2021-02-04 15:08:30',51500,0,0,0,2,1),(9,'2021-02-04 15:08:32','2021-02-04 15:08:32',52000,0,0,0,2,1),(10,'2021-02-04 15:08:33','2021-02-04 15:08:33',52500,0,0,0,2,1),(11,'2021-02-04 15:09:14','2021-02-04 15:09:14',65000,0,0,0,2,1),(12,'2021-02-04 15:10:07','2021-02-04 15:10:07',65500,0,0,0,2,1),(13,'2021-02-04 15:10:11','2021-02-04 15:10:11',60000,0,0,0,2,4),(14,'2021-02-04 15:10:29','2021-02-04 15:10:29',60500,0,0,0,2,4),(15,'2021-02-04 15:10:29','2021-02-04 15:10:29',65500,0,0,0,2,1),(16,'2021-02-04 15:10:39','2021-02-04 15:10:39',67000,0,0,0,2,4),(17,'2021-02-04 15:10:44','2021-02-04 15:10:44',66000,0,0,0,2,1),(18,'2021-02-04 15:12:02','2021-02-04 15:12:02',67000,0,0,0,2,4),(19,'2021-02-04 15:12:11','2021-02-04 15:12:11',66500,0,0,0,2,1),(20,'2021-02-04 15:12:48','2021-02-04 15:12:48',67500,0,0,0,2,4),(21,'2021-02-04 15:12:52','2021-02-04 15:12:52',70000,0,0,0,2,4),(22,'2021-02-04 15:15:08','2021-02-04 15:15:08',70500,0,0,0,2,1),(23,'2021-02-04 15:15:09','2021-02-04 15:15:09',71000,0,0,0,2,1),(24,'2021-02-04 15:15:11','2021-02-04 15:15:11',71500,0,0,0,2,1),(25,'2021-02-04 15:15:12','2021-02-04 15:15:12',72000,0,0,0,2,1),(26,'2021-02-04 15:15:13','2021-02-04 15:15:13',72500,0,0,0,2,1),(27,'2021-02-04 15:15:15','2021-02-04 15:15:15',73000,0,0,0,2,1),(28,'2021-02-04 15:15:16','2021-02-04 15:15:16',73500,0,0,0,2,1),(29,'2021-02-04 15:15:18','2021-02-04 15:15:18',74000,0,0,0,2,1),(30,'2021-02-04 15:15:19','2021-02-04 15:15:19',74500,0,0,0,2,1),(31,'2021-02-04 15:15:21','2021-02-04 15:15:21',75000,0,0,0,2,1),(32,'2021-02-04 15:15:22','2021-02-04 15:15:22',75500,0,0,0,2,1),(33,'2021-02-04 15:15:24','2021-02-04 15:15:24',76000,0,0,0,2,1),(34,'2021-02-04 15:15:26','2021-02-04 15:15:26',76500,0,0,0,2,1),(35,'2021-02-04 15:15:28','2021-02-04 15:15:28',78500,0,0,0,2,1),(36,'2021-02-04 15:15:30','2021-02-04 15:15:30',79000,0,0,0,2,1),(37,'2021-02-04 15:15:32','2021-02-04 15:15:32',79500,0,0,0,2,1),(38,'2021-02-04 15:15:39','2021-02-04 15:15:39',80000,0,0,0,2,1),(39,'2021-02-04 15:16:59','2021-02-04 15:16:59',111000,0,0,0,2,4),(40,'2021-02-04 15:17:10','2021-02-04 15:17:10',80500,0,0,0,2,1),(41,'2021-02-04 15:17:25','2021-02-04 15:17:25',111000,0,0,0,2,4),(42,'2021-02-04 15:17:38','2021-02-04 15:17:38',81000,0,0,0,2,1),(43,'2021-02-04 15:17:49','2021-02-04 15:17:49',111000,0,0,0,2,4),(44,'2021-02-04 15:18:17','2021-02-04 15:18:17',131000,0,0,0,2,4),(45,'2021-02-04 15:18:43','2021-02-04 15:18:43',150000,0,0,0,2,4),(46,'2021-02-04 15:18:48','2021-02-04 15:18:48',131500,0,0,0,2,1),(47,'2021-02-04 15:18:57','2021-02-04 15:18:57',150000,0,0,0,2,4),(48,'2021-02-04 15:20:07','2021-02-04 15:42:18',150500,1,0,1,2,4),(49,'2021-02-04 15:47:11','2021-02-04 15:47:11',0,0,0,0,3,5),(50,'2021-02-04 15:48:12','2021-02-04 15:48:12',1,0,0,0,3,5),(51,'2021-02-04 15:48:33','2021-02-04 15:48:33',2,0,0,0,3,5),(52,'2021-02-04 15:52:00','2021-02-04 15:52:00',3,0,0,0,3,5),(53,'2021-02-04 15:55:56','2021-02-04 15:55:56',5,0,0,0,3,1),(54,'2021-02-04 15:56:23','2021-02-04 15:56:23',11,0,0,0,3,1),(55,'2021-02-04 15:56:47','2021-02-04 16:05:15',16,1,0,1,3,1),(56,'2021-02-04 16:55:05','2021-02-04 16:55:05',10000,0,0,0,5,1),(57,'2021-02-04 16:55:14','2021-02-04 17:07:56',15000,1,0,1,5,4),(58,'2021-02-04 17:05:19','2021-02-04 17:05:19',500,0,0,0,6,1),(59,'2021-02-04 17:05:44','2021-02-04 17:05:44',800,0,0,0,6,4),(60,'2021-02-04 17:06:04','2021-02-04 17:06:04',1100,0,0,0,6,1),(61,'2021-02-04 17:06:18','2021-02-04 17:06:18',1400,0,0,0,6,4),(62,'2021-02-04 17:08:37','2021-02-04 17:18:43',1700,1,0,1,6,1),(63,'2021-02-04 17:29:27','2021-02-04 17:47:16',1,1,1,0,7,1),(64,'2021-02-04 18:15:03','2021-02-04 18:15:03',70,0,0,0,9,1),(65,'2021-02-04 18:15:16','2021-02-04 18:15:16',80,0,0,0,9,4),(66,'2021-02-04 18:15:25','2021-02-04 18:15:25',90,1,0,0,9,4);
/*!40000 ALTER TABLE `zte_bidding_record` ENABLE KEYS */;
UNLOCK TABLES;

--
-- Table structure for table `zte_bidding_remind`
--

DROP TABLE IF EXISTS `zte_bidding_remind`;
/*!40101 SET @saved_cs_client     = @@character_set_client */;
/*!50503 SET character_set_client = utf8mb4 */;
CREATE TABLE `zte_bidding_remind` (
  `id` bigint NOT NULL AUTO_INCREMENT,
  `create_time` datetime NOT NULL,
  `update_time` datetime NOT NULL,
  `status` int DEFAULT NULL,
  `bidding_project_id` bigint DEFAULT NULL,
  `home_user_id` bigint DEFAULT NULL,
  PRIMARY KEY (`id`),
  KEY `FKq75l4cgp1fu7a3cv0liktixxh` (`bidding_project_id`),
  KEY `FKi63gysg212vi02asira2lx2oh` (`home_user_id`),
  CONSTRAINT `FKi63gysg212vi02asira2lx2oh` FOREIGN KEY (`home_user_id`) REFERENCES `zte_home_user` (`id`),
  CONSTRAINT `FKq75l4cgp1fu7a3cv0liktixxh` FOREIGN KEY (`bidding_project_id`) REFERENCES `zte_bidding_project` (`id`)
) ENGINE=InnoDB AUTO_INCREMENT=4 DEFAULT CHARSET=utf8mb3;
/*!40101 SET character_set_client = @saved_cs_client */;

--
-- Dumping data for table `zte_bidding_remind`
--

LOCK TABLES `zte_bidding_remind` WRITE;
/*!40000 ALTER TABLE `zte_bidding_remind` DISABLE KEYS */;
INSERT INTO `zte_bidding_remind` VALUES (3,'2021-02-04 14:52:10','2021-02-04 14:52:10',1,2,5);
/*!40000 ALTER TABLE `zte_bidding_remind` ENABLE KEYS */;
UNLOCK TABLES;

--
-- Table structure for table `zte_common_problem`
--

DROP TABLE IF EXISTS `zte_common_problem`;
/*!40101 SET @saved_cs_client     = @@character_set_client */;
/*!50503 SET character_set_client = utf8mb4 */;
CREATE TABLE `zte_common_problem` (
  `id` bigint NOT NULL AUTO_INCREMENT,
  `create_time` datetime NOT NULL,
  `update_time` datetime NOT NULL,
  `answer` longtext NOT NULL,
  `name` varchar(200) NOT NULL,
  PRIMARY KEY (`id`),
  UNIQUE KEY `UK_25632mdbipn8et17grqra7rvf` (`name`)
) ENGINE=InnoDB AUTO_INCREMENT=9 DEFAULT CHARSET=utf8mb3;
/*!40101 SET character_set_client = @saved_cs_client */;

--
-- Dumping data for table `zte_common_problem`
--

LOCK TABLES `zte_common_problem` WRITE;
/*!40000 ALTER TABLE `zte_common_problem` DISABLE KEYS */;
INSERT INTO `zte_common_problem` VALUES (1,'2021-02-04 14:28:10','2021-02-04 14:28:10','竞拍为防止恶意竞拍乱出价，之后又不买，扰乱竞拍市场价格，从而影响日雅网在日本当地信誉，特设置保证金，当您需要竞拍商品时，这时就需要进入会员中心充值保证金后参与竞拍。竞拍保证金的多少是根据您打算出价买得的物品价值及数量交纳。 【出价未领先、未得标、无待付款交易的情况下，保证金予以退款。】','1、竞拍为什么需要充值保证金？'),(2,'2021-02-04 14:28:27','2021-02-04 14:28:27','这是因为有其他用户已设置自动加价，即非明确标价，设置自动加价是仅用户自己知道，别人不知道的一个标价。如何设置自动加价？在无人投标或出价领先的情况下，高于当前加价单位出价。如某商品当前我方领先，当前价格为1000日元，现在我再出价2000日元，即完成了设置自动出价。对方只要低于2000日元出价，系统即自动帮我出价，直到2000日元为止。解决方法：如果对方设置自动加价，则需一点点重新加价来试，最终超越自动加价，或者出一个您能接受的最高价，那么，如果您的最高价高于别人能承受的最高价，则您会以别人的最高价多出一个加价单位中标。','2、竞拍中总是提示“出价被超”是什么意思？'),(3,'2021-02-04 14:28:42','2021-02-04 14:28:42','象牙及相关加工制品、佛像、动物部件、植物、珊瑚、打火机、电池、无线电类、液态类、粉末类、刀具、仿真枪、药品或易爆商品以及其他一切国家禁止买卖的商品无法购买！如果您拍下了，无法运输回国内，由此造成的损失须您自己承担哦！【具体的请参照禁运明细】','3、哪些商品不能竞拍?'),(4,'2021-02-04 14:28:59','2021-02-04 14:28:59','A. 可能因为雅虎出价账号的差评较多，卖家会根据要求把商品卖给其他好评多的用户；B. 您的出价金额没达到该商品的最低成交价。','4、我是最高出价者为什么没有中标?'),(5,'2021-02-04 14:29:11','2021-02-04 14:29:11','不是的。 卖家在将货品上架时，可以选择设置是否自动延时（卖家须额外给YAHOO交15日元/件自动延时费）。所谓的自动延长时间在就是在拍卖结束前五分钟内，只要有两个以上的人出价（含已设定的自动出价），拍卖活动也就会持续进行并自动延长五分钟，只要一直有人竞价，拍卖便会持续延长，直到在延长时间之内都没有人再出价为止。这种规则可以让竟标的人有机会加价再出价，直到超出了最高心里价位，其他人都不在加价，最后一个出价的人将成为得标者；自动延长没有次数以及时间上的限制，拍卖时间会自动延长是因为卖方有设定「自动延长时间」功能，并非系统故障，一般来说日本雅虎95%拍卖都有设定自动延长时间。','5、快结标时，结束时间为什么自动延长，是不是卖家在搞鬼?'),(6,'2021-02-04 14:29:23','2021-02-04 14:29:23','可以。但日雅网不支持货到付款，因为日本卖家不允许我们货到付款，您需要把费用在24小时之内支付给我们，我们才能支付给日本卖家。','6、是否可以用支付宝支付?'),(7,'2021-02-04 14:29:34','2021-02-04 14:29:34','日本卖家一般要求结标后24小时内完成交易，否则就取消交易，给我们一个差评，甚至把我们加入黑名单，日雅网其它的会员也不能再代拍该卖家出品的商品。如果您因为其它特殊原因不能及时支付拍品，也请及时通知我们。您支付越快，我们和卖家交易就越快，您就越快收到宝贝。','7、为什么必须在24小时内完成拍卖品支付?'),(8,'2021-02-04 14:29:46','2021-02-04 14:29:46','如果被海关要求开箱检查，海关会发个通知单给您，您凭这个通知单到海关去补交相关关税。依法纳税是每个公民的义务。除电子类商品外，大部分作为个人用途使用的代购商品通常情况通过商业快件和邮政渠道快递到用户手中。若您所拍得的商品符合中国海关入关征税表中所列商品，并被中国海关要求缴纳相应关税，您需要补交相应关税。拒不缴纳关税而造成商品被扣押或退还的，由您承担相应的费用及后果。','8、物品被海关扣了，产生关税如何处理？');
/*!40000 ALTER TABLE `zte_common_problem` ENABLE KEYS */;
UNLOCK TABLES;

--
-- Table structure for table `zte_database_bak`
--

DROP TABLE IF EXISTS `zte_database_bak`;
/*!40101 SET @saved_cs_client     = @@character_set_client */;
/*!50503 SET character_set_client = utf8mb4 */;
CREATE TABLE `zte_database_bak` (
  `id` bigint NOT NULL AUTO_INCREMENT,
  `create_time` datetime NOT NULL,
  `update_time` datetime NOT NULL,
  `filename` varchar(32) NOT NULL,
  `filepath` varchar(128) NOT NULL,
  PRIMARY KEY (`id`)
) ENGINE=InnoDB AUTO_INCREMENT=32 DEFAULT CHARSET=utf8mb3;
/*!40101 SET character_set_client = @saved_cs_client */;

--
-- Dumping data for table `zte_database_bak`
--

LOCK TABLES `zte_database_bak` WRITE;
/*!40000 ALTER TABLE `zte_database_bak` DISABLE KEYS */;
INSERT INTO `zte_database_bak` VALUES (10,'2020-03-22 19:36:47','2020-03-22 19:36:47','db_boot_base_20200322193647.sql','D:/workspace_devloper/baseproject/base/src/main/resources/backup/'),(11,'2020-03-22 19:37:54','2020-03-22 19:37:54','db_boot_base_20200322193754.sql','D:/workspace_devloper/baseproject/base/src/main/resources/backup/'),(12,'2020-03-22 19:40:04','2020-03-22 19:40:04','db_boot_base_20200322194004.sql','D:/workspace_devloper/baseproject/base/src/main/resources/backup/'),(14,'2020-03-22 19:40:14','2020-03-22 19:40:14','db_boot_base_20200322194014.sql','D:/workspace_devloper/baseproject/base/src/main/resources/backup/'),(15,'2020-03-22 19:40:19','2020-03-22 19:40:19','db_boot_base_20200322194019.sql','D:/workspace_devloper/baseproject/base/src/main/resources/backup/'),(17,'2020-03-22 19:43:34','2020-03-22 19:43:34','db_boot_base_20200322194334.sql','D:/workspace_devloper/baseproject/base/src/main/resources/backup/'),(18,'2020-03-22 19:43:39','2020-03-22 19:43:39','db_boot_base_20200322194339.sql','D:/workspace_devloper/baseproject/base/src/main/resources/backup/'),(20,'2020-03-22 19:43:49','2020-03-22 19:43:49','db_boot_base_20200322194349.sql','D:/workspace_devloper/baseproject/base/src/main/resources/backup/'),(21,'2020-03-22 19:43:54','2020-03-22 19:43:54','db_boot_base_20200322194354.sql','D:/workspace_devloper/baseproject/base/src/main/resources/backup/'),(22,'2020-03-22 19:43:59','2020-03-22 19:43:59','db_boot_base_20200322194359.sql','D:/workspace_devloper/baseproject/base/src/main/resources/backup/'),(23,'2020-03-22 19:44:04','2020-03-22 19:44:04','db_boot_base_20200322194404.sql','D:/workspace_devloper/baseproject/base/src/main/resources/backup/'),(24,'2020-03-22 19:44:09','2020-03-22 19:44:09','db_boot_base_20200322194409.sql','D:/workspace_devloper/baseproject/base/src/main/resources/backup/'),(25,'2020-03-22 19:44:14','2020-03-22 19:44:14','db_boot_base_20200322194414.sql','D:/workspace_devloper/baseproject/base/src/main/resources/backup/'),(26,'2020-03-22 19:44:19','2020-03-22 19:44:19','db_boot_base_20200322194419.sql','D:/workspace_devloper/baseproject/base/src/main/resources/backup/'),(27,'2020-03-22 19:44:24','2020-03-22 19:44:24','db_boot_base_20200322194424.sql','D:/workspace_devloper/baseproject/base/src/main/resources/backup/'),(28,'2020-03-22 19:44:29','2020-03-22 19:44:29','db_boot_base_20200322194429.sql','D:/workspace_devloper/baseproject/base/src/main/resources/backup/'),(29,'2020-03-22 19:44:34','2020-03-22 19:44:34','db_boot_base_20200322194434.sql','D:/workspace_devloper/baseproject/base/src/main/resources/backup/'),(30,'2020-03-22 19:44:39','2020-03-22 19:44:39','db_boot_base_20200322194439.sql','D:/workspace_devloper/baseproject/base/src/main/resources/backup/'),(31,'2020-03-23 17:46:49','2020-03-23 17:46:49','db_boot_base_20200323174649.sql','D:/workspace_devloper/baseproject/base/src/main/resources/backup/');
/*!40000 ALTER TABLE `zte_database_bak` ENABLE KEYS */;
UNLOCK TABLES;

--
-- Table structure for table `zte_home_user`
--

DROP TABLE IF EXISTS `zte_home_user`;
/*!40101 SET @saved_cs_client     = @@character_set_client */;
/*!50503 SET character_set_client = utf8mb4 */;
CREATE TABLE `zte_home_user` (
  `id` bigint NOT NULL AUTO_INCREMENT,
  `create_time` datetime NOT NULL,
  `update_time` datetime NOT NULL,
  `balance` decimal(19,2) DEFAULT NULL,
  `email` varchar(255) DEFAULT NULL,
  `head_pic` varchar(128) DEFAULT NULL,
  `id_number` varchar(255) NOT NULL,
  `mobile` varchar(255) DEFAULT NULL,
  `name` varchar(255) DEFAULT NULL,
  `password` varchar(32) NOT NULL,
  `sex` int DEFAULT NULL,
  `pay_password` varchar(6) NOT NULL,
  `status` int DEFAULT NULL,
  `username` varchar(18) NOT NULL,
  PRIMARY KEY (`id`),
  UNIQUE KEY `UK_rldbkich2yw6h46acgrl4sm0k` (`id_number`)
) ENGINE=InnoDB AUTO_INCREMENT=8 DEFAULT CHARSET=utf8mb3;
/*!40101 SET character_set_client = @saved_cs_client */;

--
-- Dumping data for table `zte_home_user`
--

LOCK TABLES `zte_home_user` WRITE;
/*!40000 ALTER TABLE `zte_home_user` DISABLE KEYS */;
INSERT INTO `zte_home_user` VALUES (1,'2021-01-26 18:19:34','2021-02-04 17:18:43',10000.00,'2984586643@qq.com','20210204/1612422137103.jpg','41102320200215235X','17894566123','zxy','1234',1,'123456',1,'用户'),(2,'2021-01-29 13:34:19','2021-01-29 13:34:21',2000.00,'123456789@qq.com',NULL,'411023202002152352','17894566124','zxa','123456',1,'123456',1,'Change'),(3,'2021-02-01 11:07:28','2021-02-01 11:07:28',0.00,'298458664@qq.com',NULL,'411023202002152356','17894566120',NULL,'123456',0,'123456',1,'中兴'),(4,'2021-02-01 11:13:31','2021-03-05 17:00:46',991800.00,'2908760692@qq.com','20210305/1614934846272.jpg','42022220001119654X','18186000289',NULL,'123456',0,'123456',1,'中兴'),(5,'2021-02-01 11:15:20','2021-03-05 15:49:43',130000.00,'115432031@qq.com','20210305/1614930583012.png','412723199902249030','15518166033','','123456',1,'123456',1,'中兴'),(6,'2021-02-04 10:52:53','2021-02-04 10:55:26',0.00,'844891239@qq.com',NULL,'412723199502249030','15518166123','王金库','123456789',1,'123456',1,'中兴'),(7,'2021-02-04 13:19:01','2021-02-04 13:19:01',0.00,'2044883134@qq.com',NULL,'42022220001119271X','18186000288',NULL,'123456',0,'123456',1,'中兴');
/*!40000 ALTER TABLE `zte_home_user` ENABLE KEYS */;
UNLOCK TABLES;

--
-- Table structure for table `zte_inform`
--

DROP TABLE IF EXISTS `zte_inform`;
/*!40101 SET @saved_cs_client     = @@character_set_client */;
/*!50503 SET character_set_client = utf8mb4 */;
CREATE TABLE `zte_inform` (
  `id` bigint NOT NULL AUTO_INCREMENT,
  `create_time` datetime NOT NULL,
  `update_time` datetime NOT NULL,
  `caption` varchar(30) NOT NULL,
  `city` varchar(255) DEFAULT NULL,
  `content` longtext,
  `county` varchar(255) DEFAULT NULL,
  `province` varchar(255) NOT NULL,
  `source` varchar(255) NOT NULL,
  PRIMARY KEY (`id`),
  UNIQUE KEY `UK_acrt9u206h69557el0wprxhp7` (`caption`)
) ENGINE=InnoDB AUTO_INCREMENT=5 DEFAULT CHARSET=utf8mb3;
/*!40101 SET character_set_client = @saved_cs_client */;

--
-- Dumping data for table `zte_inform`
--

LOCK TABLES `zte_inform` WRITE;
/*!40000 ALTER TABLE `zte_inform` DISABLE KEYS */;
INSERT INTO `zte_inform` VALUES (1,'2021-02-04 14:25:45','2021-02-04 14:25:45','《河南省关于引导农村产权流转交易市场健康发展的实施意见》全文','郑州市','<p style=\"text-indent:2em;font-size:16px;color:#666666;font-family:&quot;background-color:#FFFFFF;text-align:center;\">\r\n	<span style=\"font-weight:700;\"><span style=\"font-size:10.5pt;\"><span style=\"font-family:Calibri;\"><span style=\"font-size:10.5pt;\"><span style=\"font-family:宋体;\">河南省人民政府办公厅关于引导农村产权流转交易市场健康发展的实施意见</span></span></span></span></span>\r\n</p>\r\n<p style=\"text-indent:2em;font-size:16px;color:#666666;font-family:&quot;background-color:#FFFFFF;text-align:center;\">\r\n	<span style=\"font-size:10.5pt;\"><span style=\"font-family:Calibri;\"><span style=\"font-size:10.5pt;\"><span style=\"font-family:宋体;\"><span>豫政办〔</span>2017<span>〕</span><span style=\"font-family:Calibri;\">151</span><span>号</span></span></span></span></span>\r\n</p>\r\n<p style=\"text-indent:2em;font-size:16px;color:#666666;font-family:&quot;background-color:#FFFFFF;text-align:center;\">\r\n	<img alt=\"\" src=\"http://img1.nongjiao.com/news/2017/12/28/c26976cc-dab7-49d3-8b78-47ffce66f26b.jpg\" style=\"width:400px;height:300px;\" />\r\n</p>\r\n<p style=\"text-indent:2em;font-size:16px;color:#666666;font-family:&quot;background-color:#FFFFFF;text-align:justify;\">\r\n	<span style=\"font-size:10.5pt;\"><span style=\"font-family:Calibri;\"><span style=\"font-size:10.5pt;\"><span style=\"font-family:宋体;\"><span>各省辖市、省直管县</span>(<span>市</span><span style=\"font-family:Calibri;\">)</span><span>人民政府，省人民政府有关部门：</span></span></span></span></span>\r\n</p>\r\n<p style=\"text-indent:2em;font-size:16px;color:#666666;font-family:&quot;background-color:#FFFFFF;text-align:justify;\">\r\n	<span style=\"font-size:10.5pt;\"><span style=\"font-family:Calibri;\"><span style=\"font-size:10.5pt;\"><span style=\"font-family:宋体;\"><span>为贯彻落实《中共中央办公厅国务院办公厅关于完善农村土地所有权承包权经营权分置办法的意见》和《国务院办公厅关于引导农村产权流转交易市场健康发展的意见》</span>(<span>国办发〔</span><span style=\"font-family:Calibri;\">2014</span><span>〕</span><span style=\"font-family:Calibri;\">71</span><span>号</span><span style=\"font-family:Calibri;\">)</span><span>精神，推动全省农村产权流转交易市场健康发展，经省政府同意，现提出如下实施意见。</span></span></span></span></span>\r\n</p>\r\n<p style=\"text-indent:2em;font-size:16px;color:#666666;font-family:&quot;background-color:#FFFFFF;text-align:justify;\">\r\n	<span style=\"font-size:10.5pt;\"><span style=\"font-family:Calibri;\"><span style=\"font-size:10.5pt;\"><span style=\"font-family:宋体;\">一、总体要求</span></span></span></span>\r\n</p>\r\n<p style=\"text-indent:2em;font-size:16px;color:#666666;font-family:&quot;background-color:#FFFFFF;text-align:justify;\">\r\n	<span style=\"font-size:10.5pt;\"><span style=\"font-family:Calibri;\"><span style=\"font-size:10.5pt;\"><span style=\"font-family:宋体;\">(<span>一</span><span style=\"font-family:Calibri;\">)</span><span>指导思想。全面贯彻党的十九大精神，以习近平新时代中国特色社会主义思想为指导，落实党中央、国务院决策部署，以坚持和完善农村基本经营制度为前提，以保障农民和农村集体经济组织的财产权益为根本，以规范流转交易行为和完善服务功能为重点，逐步形成符合农村实际和农村产权流转交易特点的市场形式、交易规则、服务方式和监管办法，引导、规范和扶持农村产权流转交易市场健康发展。</span></span></span></span></span>\r\n</p>\r\n<p style=\"text-indent:2em;font-size:16px;color:#666666;font-family:&quot;background-color:#FFFFFF;text-align:justify;\">\r\n	<span style=\"font-size:10.5pt;\"><span style=\"font-family:Calibri;\"><span style=\"font-size:10.5pt;\"><span style=\"font-family:宋体;\">(<span>二</span><span style=\"font-family:Calibri;\">)</span><span>基本原则。坚持为农服务宗旨，突出公益性，不以盈利为目的。坚持公开透明、自主交易、公平竞争、规范有序。坚持因地制宜，从实际出发，统筹规划，合理布局。坚持稳步推进，充分利用和完善现有农村产权流转交易市场，积极探索新的市场形式。市场建设不急于求成，不片面追求速度和规模。对于经营主体是否进场交易，不搞强迫命令，不搞行政瞎指挥。</span></span></span></span></span>\r\n</p>\r\n<p style=\"text-indent:2em;font-size:16px;color:#666666;font-family:&quot;background-color:#FFFFFF;text-align:justify;\">\r\n	<span style=\"font-size:10.5pt;\"><span style=\"font-family:Calibri;\"><span style=\"font-size:10.5pt;\"><span style=\"font-family:宋体;\">(<span>三</span><span style=\"font-family:Calibri;\">)</span><span>功能定位。农村产权流转交易市场是为各类农村产权依法流转交易提供服务的平台，是政府主导、服务“三农”的非营利性机构，可以是事业法人，也可以是企业法人，由当地政府审批成立。农村产权流转交易市场既承担信息传递、价格发现、交易中介的基本功能，也承担为各类主体流转交易产权提供便利和制度保障的特殊功能。提供发布交易信息、受理交易咨询和申请、协助产权查询、组织产权交易、出具产权流转交易鉴证书，协助办理产权变更登记和资金结算手续等基本服务；开展资产评估、法律服务、产权经纪、项目推介、抵押融资等配套服务；还可以引入财会、法律、资产评估等中介服务组织以及银行、保险等金融机构和担保公司，为农村产权流转交易提供专业化服务，使农村产权流转交易市场逐步发展成为集信息发布、产权交易、法律咨询、资产评估、抵押融资等为一体的为农服务综合平台。</span></span></span></span></span>\r\n</p>\r\n<p style=\"text-indent:2em;font-size:16px;color:#666666;font-family:&quot;background-color:#FFFFFF;text-align:justify;\">\r\n	<span style=\"font-size:10.5pt;\"><span style=\"font-family:Calibri;\"><span style=\"font-size:10.5pt;\"><span style=\"font-family:宋体;\">二、建立健全市场体系</span></span></span></span>\r\n</p>\r\n<p style=\"text-indent:2em;font-size:16px;color:#666666;font-family:&quot;background-color:#FFFFFF;text-align:justify;\">\r\n	<span style=\"font-size:10.5pt;\"><span style=\"font-family:Calibri;\"><span style=\"font-size:10.5pt;\"><span style=\"font-family:宋体;\">农村产权流转交易市场包括现有的农村土地承包经营权流转服务中心、农村集体资产管理交易中心、林权管理服务中心和基层水利服务机构，以及各地探索建立的其他形式农村产权流转交易市场。现阶段市场建设以县域为主，要充分发挥现有县、乡、村各级农村产权流转交易平台的作用，加强政府部门之间信息互通、资源共享，推动农村产权顺畅流转交易。</span></span></span></span>\r\n</p>\r\n<p style=\"text-indent:2em;font-size:16px;color:#666666;font-family:&quot;background-color:#FFFFFF;text-align:justify;\">\r\n	<span style=\"font-size:10.5pt;\"><span style=\"font-family:Calibri;\"><span style=\"font-size:10.5pt;\"><span style=\"font-family:宋体;\">(<span>四</span><span style=\"font-family:Calibri;\">)</span><span>探索建立市级农村产权流转交易平台。省辖市根据实际情况逐步完善农村产权流转交易市场体系，搭建产权流转交易平台，健全信息网络，积极探索新的市场形式，加强对基层农村产权流转交易市场的业务指导，促进市场健康发展。</span></span></span></span></span>\r\n</p>\r\n<p style=\"text-indent:2em;font-size:16px;color:#666666;font-family:&quot;background-color:#FFFFFF;text-align:justify;\">\r\n	<span style=\"font-size:10.5pt;\"><span style=\"font-family:Calibri;\"><span style=\"font-size:10.5pt;\"><span style=\"font-family:宋体;\">(<span>五</span><span style=\"font-family:Calibri;\">)</span><span>推进县级农村产权流转交易市场建设。充分发挥现有农村产权流转交易市场作用，完善信息发布、交易咨询等服务，拓展资产评估、抵押担保等功能，强化服务意识，提高服务能力，促进产权流转交易。农村产权流转交易市场可以独立运行，也可以在行政服务中心设立服务窗口。有条件的地方要整合现有各类流转服务平台，建立具有综合服务功能的农村产权流转交易中心。</span></span></span></span></span>\r\n</p>\r\n<p style=\"text-indent:2em;font-size:16px;color:#666666;font-family:&quot;background-color:#FFFFFF;text-align:justify;\">\r\n	<span style=\"font-size:10.5pt;\"><span style=\"font-family:Calibri;\"><span style=\"font-size:10.5pt;\"><span style=\"font-family:宋体;\">(<span>六</span><span style=\"font-family:Calibri;\">)</span><span>完善乡镇和村级服务网络。乡镇依托区域农技推广站、农业服务中心等，健全农村产权流转交易平台，加强政策宣传，完善服务功能，简化办事程序，突出便民利民，为产权流转交易提供高效服务。可单独组织交易，也可上报县级平台交易。村民委员会和农村集体经济组织要收集产权信息，加强沟通协调，做好农村产权流转等相关工作。</span></span></span></span></span>\r\n</p>\r\n<p style=\"text-indent:2em;font-size:16px;color:#666666;font-family:&quot;background-color:#FFFFFF;text-align:justify;\">\r\n	<span style=\"font-size:10.5pt;\"><span style=\"font-family:Calibri;\"><span style=\"font-size:10.5pt;\"><span style=\"font-family:宋体;\">充分利用乡、村级信息平台和服务网络，畅通农户和各种农业服务组织之间的沟通渠道，加强信息交流，为农业生产和农村农民提供全方位服务。</span></span></span></span>\r\n</p>\r\n<p style=\"text-indent:2em;font-size:16px;color:#666666;font-family:&quot;background-color:#FFFFFF;text-align:justify;\">\r\n	<span style=\"font-size:10.5pt;\"><span style=\"font-family:Calibri;\"><span style=\"font-size:10.5pt;\"><span style=\"font-family:宋体;\">三、交易品种与交易主体</span></span></span></span>\r\n</p>\r\n<p style=\"text-indent:2em;font-size:16px;color:#666666;font-family:&quot;background-color:#FFFFFF;text-align:justify;\">\r\n	<span style=\"font-size:10.5pt;\"><span style=\"font-family:Calibri;\"><span style=\"font-size:10.5pt;\"><span style=\"font-family:宋体;\">(<span>七</span><span style=\"font-family:Calibri;\">)</span><span>交易品种。法律没有限制的品种均可以入市流转交易，现阶段主要包括以下八类交易品种。</span></span></span></span></span>\r\n</p>\r\n<p style=\"text-indent:2em;font-size:16px;color:#666666;font-family:&quot;background-color:#FFFFFF;text-align:justify;\">\r\n	<span style=\"font-size:10.5pt;\"><span style=\"font-family:Calibri;\"><span style=\"font-size:10.5pt;\"><span style=\"font-family:宋体;\">1.<span>农户承包土地经营权。以家庭承包方式承包的耕地、草地、养殖水面等经营权，可以采取出租、入股等方式流转交易，流转期限由流转双方在法律规定范围内协商确定。</span></span></span></span></span>\r\n</p>\r\n<p style=\"text-indent:2em;font-size:16px;color:#666666;font-family:&quot;background-color:#FFFFFF;text-align:justify;\">\r\n	<span style=\"font-size:10.5pt;\"><span style=\"font-family:Calibri;\"><span style=\"font-size:10.5pt;\"><span style=\"font-family:宋体;\">2.<span>林权。集体林地经营权和林木所有权、使用权，可以采取出租、转让、入股、作价出资或合作等方式流转交易，流转期限不能超过法定期限。</span></span></span></span></span>\r\n</p>\r\n<p style=\"text-indent:2em;font-size:16px;color:#666666;font-family:&quot;background-color:#FFFFFF;text-align:justify;\">\r\n	<span style=\"font-size:10.5pt;\"><span style=\"font-family:Calibri;\"><span style=\"font-size:10.5pt;\"><span style=\"font-family:宋体;\">3.<span>“四荒”</span><span style=\"font-family:Calibri;\">(</span><span>荒山、荒沟、荒丘、荒滩</span><span style=\"font-family:Calibri;\">)</span><span>使用权。农村集体所有的“四荒”使用权，采取家庭承包方式取得的，按照农户承包土地经营权有关规定进行流转交易；以其他方式承包的，其承包经营权可以依法采取转让、出租、入股、抵押等方式进行流转交易。</span></span></span></span></span>\r\n</p>\r\n<p style=\"text-indent:2em;font-size:16px;color:#666666;font-family:&quot;background-color:#FFFFFF;text-align:justify;\">\r\n	<span style=\"font-size:10.5pt;\"><span style=\"font-family:Calibri;\"><span style=\"font-size:10.5pt;\"><span style=\"font-family:宋体;\">4.<span>农村集体经营性资产。由农村集体统一经营管理的经营性资产</span><span style=\"font-family:Calibri;\">(</span><span>不含土地</span><span style=\"font-family:Calibri;\">)</span><span>的所有权或使用权，可以采取承包、租赁、出让、入股、合资、合作等方式流转交易。</span></span></span></span></span>\r\n</p>\r\n<p style=\"text-indent:2em;font-size:16px;color:#666666;font-family:&quot;background-color:#FFFFFF;text-align:justify;\">\r\n	<span style=\"font-size:10.5pt;\"><span style=\"font-family:Calibri;\"><span style=\"font-size:10.5pt;\"><span style=\"font-family:宋体;\">5.<span>农业生产设施设备。农户、农民合作组织、农村集体和涉农企业等拥有的农业生产设施设备，可以采取转让、租赁、拍卖等方式流转交易。</span></span></span></span></span>\r\n</p>\r\n<p style=\"text-indent:2em;font-size:16px;color:#666666;font-family:&quot;background-color:#FFFFFF;text-align:justify;\">\r\n	<span style=\"font-size:10.5pt;\"><span style=\"font-family:Calibri;\"><span style=\"font-size:10.5pt;\"><span style=\"font-family:宋体;\">6.<span>小型水利设施使用权。农户、农民合作组织、农村集体和涉农企业等拥有的小型水利设施使用权，可以采取承包、租赁、转让、抵押、股份合作等方式流转交易。</span></span></span></span></span>\r\n</p>\r\n<p style=\"text-indent:2em;font-size:16px;color:#666666;font-family:&quot;background-color:#FFFFFF;text-align:justify;\">\r\n	<span style=\"font-size:10.5pt;\"><span style=\"font-family:Calibri;\"><span style=\"font-size:10.5pt;\"><span style=\"font-family:宋体;\">7.<span>农业类知识产权。涉农专利、商标、版权、新品种、新技术等，可以采取转让、出租、股份合作等方式流转交易。</span></span></span></span></span>\r\n</p>\r\n<p style=\"text-indent:2em;font-size:16px;color:#666666;font-family:&quot;background-color:#FFFFFF;text-align:justify;\">\r\n	<span style=\"font-size:10.5pt;\"><span style=\"font-family:Calibri;\"><span style=\"font-size:10.5pt;\"><span style=\"font-family:宋体;\">8.<span>其他。农村建设项目招标、产业项目招商和转让等。</span></span></span></span></span>\r\n</p>\r\n<p style=\"text-indent:2em;font-size:16px;color:#666666;font-family:&quot;background-color:#FFFFFF;text-align:justify;\">\r\n	<span style=\"font-size:10.5pt;\"><span style=\"font-family:Calibri;\"><span style=\"font-size:10.5pt;\"><span style=\"font-family:宋体;\">(<span>八</span><span style=\"font-family:Calibri;\">)</span><span>交易主体。凡是法律、法规和政策没有限制的法人和自然人或其他组织均可以进入市场参与流转交易，具体准入条件按照相关法律、法规和政策执行。农户拥有的产权是否入市流转交易由农户自主决定，任何组织和个人不得强迫或妨碍自主交易。一定标的额以上的农村集体资产流转必须进入市场公开交易，防止暗箱操作。产权流转交易的出让方必须是产权权利人或受产权权利人委托的受托人。除农户宅基地使用权、农民住房财产权、农户持有的集体资产股权外，流转交易的受让方原则上没有资格限制。对工商企业进入市场流转交易，要依据相关法律、法规和政策，加强准入监管和风险防范。</span></span></span></span></span>\r\n</p>\r\n<p style=\"text-indent:2em;font-size:16px;color:#666666;font-family:&quot;background-color:#FFFFFF;text-align:justify;\">\r\n	<span style=\"font-size:10.5pt;\"><span style=\"font-family:Calibri;\"><span style=\"font-size:10.5pt;\"><span style=\"font-family:宋体;\">四、健全流转交易制度</span></span></span></span>\r\n</p>\r\n<p style=\"text-indent:2em;font-size:16px;color:#666666;font-family:&quot;background-color:#FFFFFF;text-align:justify;\">\r\n	<span style=\"font-size:10.5pt;\"><span style=\"font-family:Calibri;\"><span style=\"font-size:10.5pt;\"><span style=\"font-family:宋体;\">(<span>九</span><span style=\"font-family:Calibri;\">)</span><span>健全管理制度。市、县两级政府要根据农村产权要素性质、流转范围和交易需要，制定产权流转交易管理办法，对市场运行、服务规范、中介行为、纠纷调处等作出具体规定。实行统一规范的业务受理、信息发布、交易签约、交易中</span><span style=\"font-family:Calibri;\">(</span><span>终</span><span style=\"font-family:Calibri;\">)</span><span>止、交易</span><span style=\"font-family:Calibri;\">(</span><span>合同</span><span style=\"font-family:Calibri;\">)</span><span>鉴证、档案管理等制度，严格履行工作程序，实行公开交易，方便服务群众。</span></span></span></span></span>\r\n</p>\r\n<p style=\"text-indent:2em;font-size:16px;color:#666666;font-family:&quot;background-color:#FFFFFF;text-align:justify;\">\r\n	<span style=\"font-size:10.5pt;\"><span style=\"font-family:Calibri;\"><span style=\"font-size:10.5pt;\"><span style=\"font-family:宋体;\">(<span>十</span><span style=\"font-family:Calibri;\">)</span><span>加强监督管理。农村产权流转交易监督管理委员会和市场主管部门要强化监督管理，加强定期检查和动态监测，防范交易风险，及时查处各类违法违规交易行为，确保市场规范运行。有关部门要加强土地用途管制，耕地、林地、草地、水利设施等产权流转交易后的开发利用，不能改变用途，不能破坏农业综合生产能力，不能破坏生态功能，不能损害农民权益。</span></span></span></span></span>\r\n</p>\r\n<p style=\"text-indent:2em;font-size:16px;color:#666666;font-family:&quot;background-color:#FFFFFF;text-align:justify;\">\r\n	<span style=\"font-size:10.5pt;\"><span style=\"font-family:Calibri;\"><span style=\"font-size:10.5pt;\"><span style=\"font-family:宋体;\">五、强化保障措施</span></span></span></span>\r\n</p>\r\n<p style=\"text-indent:2em;font-size:16px;color:#666666;font-family:&quot;background-color:#FFFFFF;text-align:justify;\">\r\n	<span style=\"font-size:10.5pt;\"><span style=\"font-family:Calibri;\"><span style=\"font-size:10.5pt;\"><span style=\"font-family:宋体;\">(<span>十一</span><span style=\"font-family:Calibri;\">)</span><span>加强组织领导。市、县级要成立农村产权流转交易监督管理委员会，承担组织协调、政策制定等职责，负责对市场运行进行指导和监管。各级农办和农业、林业、水利、财政、国土资源、住房城乡建设、科技、金融、供销等部门要密切配合，加强指导，及时研究解决工作中的困难和问题，推动各项工作顺利开展。</span></span></span></span></span>\r\n</p>\r\n<p style=\"text-indent:2em;font-size:16px;color:#666666;font-family:&quot;background-color:#FFFFFF;text-align:justify;\">\r\n	<span style=\"font-size:10.5pt;\"><span style=\"font-family:Calibri;\"><span style=\"font-size:10.5pt;\"><span style=\"font-family:宋体;\">(<span>十二</span><span style=\"font-family:Calibri;\">)</span><span>推动机制创新。各级政府要积极探索符合农村产权流转交易实际需要的多种市场形式，既要搞好交易所式的市场建设，也要有效利用电子交易网络平台。加强行业规范、交易制度和服务标准建设，提升市场公信力。探索建立农村产权流转交易市场行业协会。</span></span></span></span></span>\r\n</p>\r\n<p style=\"text-indent:2em;font-size:16px;color:#666666;font-family:&quot;background-color:#FFFFFF;text-align:justify;\">\r\n	<span style=\"font-size:10.5pt;\"><span style=\"font-family:Calibri;\"><span style=\"font-size:10.5pt;\"><span style=\"font-family:宋体;\">(<span>十三</span><span style=\"font-family:Calibri;\">)</span><span>加强政策扶持。各地要加大对农村产权流转交易平台建设的投入力度，保障工作经费，实行市场建设和运营财政补贴等优惠政策，采取购买社会化服务或公益性岗位等措施，支持建立农村产权流转交易和管理信息网络平台，完善服务功能和手段。组织从业人员开展业务培训，积极培育市场中介服务组织，逐步提高专业化水平。</span></span></span></span></span>\r\n</p>\r\n<p style=\"text-indent:2em;font-size:16px;color:#666666;font-family:&quot;background-color:#FFFFFF;text-align:right;\">\r\n	<span style=\"font-size:10.5pt;\"><span style=\"font-family:Calibri;\"><span style=\"font-size:10.5pt;\"><span style=\"font-family:宋体;\">河南省人民政府办公厅</span></span></span></span>\r\n</p>\r\n<p style=\"text-indent:2em;font-size:16px;color:#666666;font-family:&quot;background-color:#FFFFFF;text-align:right;\">\r\n	<span style=\"font-size:10.5pt;\"><span style=\"font-family:Calibri;\"><span style=\"font-size:10.5pt;\"><span style=\"font-family:宋体;\">2017<span>年</span><span style=\"font-family:Calibri;\">12</span><span>月</span><span style=\"font-family:Calibri;\">5</span><span>日</span></span></span></span></span>\r\n</p>','中原区','河南省','河南政府网'),(3,'2021-02-04 14:28:41','2021-02-04 14:28:41','甘肃庆阳宁县农村集体产权制度改革工作现场推进会在新庄镇召开','庆阳市','<p style=\"text-indent:2em;font-size:16px;color:#666666;font-family:&quot;background-color:#FFFFFF;\">\r\n	2020年11月3日，甘肃省庆阳市宁县农村集体产权制度改革工作现场推进会在新庄镇召开。宁县委副书记罗睿出席会议并讲话。会上，县农业农村局通报了全县产权制度改革工作进展情况，新庄镇、新庄镇丁任村、焦村镇张斜村分别做了交流发言。\r\n</p>\r\n<p style=\"text-indent:2em;font-size:16px;color:#666666;font-family:&quot;background-color:#FFFFFF;text-align:center;\">\r\n	<img alt=\"甘肃庆阳宁县农村集体产权制度改革工作现场推进会在新庄镇召开\" src=\"https://img1.nongjiao.com/news/2021/02/03/04055b30-e59e-46a1-85a8-8d2d8525df20.png\" style=\"width:510px;height:340px;\" />\r\n</p>\r\n<p style=\"text-indent:2em;font-size:16px;color:#666666;font-family:&quot;background-color:#FFFFFF;\">\r\n	罗睿指出，农村集体产权制度改革工作是党中央、国务院安排部署的重大改革事项，对创新农村集体经济运行机制、保障群众集体资产收益，以及巩固脱贫成效、助推乡村振兴都具有十分重要的意义。\r\n</p>\r\n<p style=\"text-indent:2em;font-size:16px;color:#666666;font-family:&quot;background-color:#FFFFFF;\">\r\n	罗睿强调，农村集体产权制度改革工作任务重、要求严、时间紧，程序复杂，政策性极强。各乡镇、各相关部门必须进一步提高政治站位，深化思想认识，坚决扛牢职责使命，克服畏难情绪，切实增强做好改革工作的紧迫感和责任感。必须进一步紧盯总体目标，聚焦重点环节，严格程序要求，全力推动农村集体产权制度改革工作取得实效。各乡镇要紧扣时限要求把时间抠到天，把任务靠到人，倒排工期，挂图作战，要严格工作程序规范抓促，精准核实清产核资数据，科学确认组织成员身份，扎实推进集体经营性资产股份合作制改革，加快建立农村集体经济组织。必须进一步发扬“军人精神”，把农村集体产权制度改革作为当前一项极为重要的工作，放在重中之重的位置，拿出钉钉子精神，下定决心、铆足干劲，全力抓促落实，按期高质量完成年度工作任务。\r\n</p>\r\n<p style=\"text-indent:2em;font-size:16px;color:#666666;font-family:&quot;background-color:#FFFFFF;\">\r\n	会前，与会人员现场观摩了新庄镇新华村、丁任村的农村集体产权制度改革工作。王孝锡烈士纪念馆馆长魏林明、各乡镇党委书记及分管负责人、试点村党支部书记、县产改领导小组部分成员单位主要负责人参加会议。\r\n</p>','宁县','甘肃省','宁县融媒体中心'),(4,'2021-02-04 14:29:43','2021-02-04 14:29:43','江苏盐城《阜宁县自然资源统一确权登记总体工作方案》全文','盐城市','<p style=\"text-indent:2em;font-size:16px;color:#666666;font-family:&quot;background-color:#FFFFFF;\">\r\n	为贯彻党中央、国务院关于生态文明建设的决策部署，根据《自然资源统一确权登记暂行办法》（以下简称《办法》）《江苏省自然资源统一确权登记总体工作方案》和《盐城市自然资源统一确权登记总体工作方案》等文件精神，现就全面铺开、分阶段推进全县自然资源统一确权登记制定本方案。\r\n</p>\r\n<p style=\"text-indent:2em;font-size:16px;color:#666666;font-family:&quot;background-color:#FFFFFF;text-align:center;\">\r\n	<img alt=\"阜宁县自然资源统一确权登记总体工作方案-官网截图\" src=\"https://img1.nongjiao.com/news/2021/01/22/470f0ab1-83c6-47b9-875c-e6340646bfd7.jpg\" style=\"width:510px;height:369px;\" />\r\n</p>\r\n<p style=\"text-indent:2em;font-size:16px;color:#666666;font-family:&quot;background-color:#FFFFFF;\">\r\n	<span style=\"font-weight:700;\">一、总体要求</span>\r\n</p>\r\n<p style=\"text-indent:2em;font-size:16px;color:#666666;font-family:&quot;background-color:#FFFFFF;\">\r\n	（一）指导思想。以习近平新时代中国特色社会主义思想为指导，牢固树立尊重自然、顺应自然、保护自然理念，按照建立系统完整的生态文明制度体系的要求，全面铺开、分阶段推进自然资源统一确权登记工作，推动建立归属清晰、权责明确、保护严格、流转顺畅、监管有效的自然资源资产产权制度，支撑自然资源合理开发、有效保护和严格监管。\r\n</p>\r\n<p style=\"text-indent:2em;font-size:16px;color:#666666;font-family:&quot;background-color:#FFFFFF;\">\r\n	（二）基本原则。\r\n</p>\r\n<p style=\"text-indent:2em;font-size:16px;color:#666666;font-family:&quot;background-color:#FFFFFF;\">\r\n	——坚持资源公有。坚持自然资源社会主义公有制，即全民所有和集体所有。\r\n</p>\r\n<p style=\"text-indent:2em;font-size:16px;color:#666666;font-family:&quot;background-color:#FFFFFF;\">\r\n	——坚持物权法定。依法依规确定自然资源的物权种类和权利内容、自然资源资产产权主体和行使代表。\r\n</p>\r\n<p style=\"text-indent:2em;font-size:16px;color:#666666;font-family:&quot;background-color:#FFFFFF;\">\r\n	——坚持统筹兼顾。在新的自然资源管理体制和格局基础上，与相关改革做好衔接。\r\n</p>\r\n<p style=\"text-indent:2em;font-size:16px;color:#666666;font-family:&quot;background-color:#FFFFFF;\">\r\n	——坚持以不动产登记为基础。构建自然资源统一确权登记制度体系，实现自然资源统一确权登记与不动产登记的有机融合。\r\n</p>\r\n<p style=\"text-indent:2em;font-size:16px;color:#666666;font-family:&quot;background-color:#FFFFFF;\">\r\n	——坚持发展和保护相统一。加快形成有利于节约资源和保护环境的新的空间格局。\r\n</p>\r\n<p style=\"text-indent:2em;font-size:16px;color:#666666;font-family:&quot;background-color:#FFFFFF;\">\r\n	——坚持平稳推进。先易后难，有序推进，最终实现县级自然资源统一确权登记全覆盖。\r\n</p>\r\n<p style=\"text-indent:2em;font-size:16px;color:#666666;font-family:&quot;background-color:#FFFFFF;\">\r\n	（三）工作目标。按照国家、省、市部署，积极配合做好我县行政区域内国家、省、市直接开展的统一确权登记工作。\r\n</p>\r\n<p style=\"text-indent:2em;font-size:16px;color:#666666;font-family:&quot;background-color:#FFFFFF;\">\r\n	按照《办法》要求，以不动产登记为基础，充分利用国土调查成果和自然资源专项调查成果，首先对我县行政区域内除国家、省、市直接开展确权登记之外的自然保护区、自然公园等各类自然保护地，以及江河湖泊、生态功能重要的湿地、国有林区等具有完整生态功能的自然生态空间和全民所有单项自然资源开展统一确权登记，逐步实现对水流、森林、荒地、滩涂以及探明储量的矿产资源等县级自然资源统一确权登记全覆盖。\r\n</p>\r\n<p style=\"text-indent:2em;font-size:16px;color:#666666;font-family:&quot;background-color:#FFFFFF;\">\r\n	清晰界定我县行政区域内各类自然资源资产的产权主体，逐步划清全民所有和集体所有之间的边界，划清全民所有、不同层级政府行使所有权的边界，划清不同集体所有者的边界，划清不同类型自然资源的边界，推进确权登记法治化，为建立国土空间规划体系并监督实施，统一行使全民所有自然资源资产所有者职责，统一行使所有国土空间用途管制和生态保护修复职责，提供基础支撑和产权保障。\r\n</p>\r\n<p style=\"text-indent:2em;font-size:16px;color:#666666;font-family:&quot;background-color:#FFFFFF;\">\r\n	<span style=\"font-weight:700;\">二、主要任务</span>\r\n</p>\r\n<p style=\"text-indent:2em;font-size:16px;color:#666666;font-family:&quot;background-color:#FFFFFF;\">\r\n	（一）配合做好国家、省、市直接开展的统一确权登记工作。按照国家、省、市统一部署和相关要求，配合做好我县行政区内中央政府直接行使所有权或者委托省级、市级人民政府代理行使所有权分别由自然资源部、省自然资源厅、市自然资源和规划局直接开展的自然资源统一确权登记工作。\r\n</p>\r\n<p style=\"text-indent:2em;font-size:16px;color:#666666;font-family:&quot;background-color:#FFFFFF;\">\r\n	（二）做好我县开展的自然资源统一确权登记工作。县自然资源和规划局按照本方案确定的任务开展自然资源统一确权登记工作。其中由县登记的自然生态空间和自然资源，县自然资源和规划局可先行开展权籍调查等自然资源统一确权登记登簿前的相关工作，待全民所有自然资源资产中央政府行使所有权和委托地方代理行使所有权的资源清单出台后，再由具有登记管辖权的登记机构进行登簿。\r\n</p>\r\n<p style=\"text-indent:2em;font-size:16px;color:#666666;font-family:&quot;background-color:#FFFFFF;\">\r\n	1．开展自然保护地统一确权登记。对本行政区域内除国家、省、市直接开展统一确权登记之外的自然保护区、自然公园等自然保护地开展统一确权登记，县自然资源和规划局依据《办法》规定，参照国家、省、市开展自然保护区、自然公园等自然保护地自然资源统一确权登记的工作流程和要求，可以颁发自然资源所有权证书，并向社会公开。\r\n</p>\r\n<p style=\"text-indent:2em;font-size:16px;color:#666666;font-family:&quot;background-color:#FFFFFF;\">\r\n	2．开展水流自然资源统一确权登记。对本行政区域内除国家、省、市直接开展统一确权登记之外的江河湖泊等水流自然资源，县自然资源和规划局会同县水务局依据《办法》规定，参照国家、省、市开展水流自然资源统一确权登记的工作流程和要求，组织技术力量依据国土调查和水资源专项调查结果，以河流、湖泊管理范围为基础，结合堤防、水域岸线，划定登记单元界线，收集整理国土空间规划明确的用途、划定的生态保护红线等管制要求及其他特殊保护规定或者政策性文件，并对承载水资源的土地开展权籍调查。探索建立水流自然资源三维登记模式，通过统一确权登记明确水流的范围、面积等自然状况，所有权主体、所有权代表行使主体、所有权代理行使主体以及权利内容等权属状况，并关联公共管制要求。县自然资源和规划局可以依据登记结果颁发自然资源所有权证书，并向社会公开。\r\n</p>\r\n<p style=\"text-indent:2em;font-size:16px;color:#666666;font-family:&quot;background-color:#FFFFFF;\">\r\n	3．开展湿地自然资源统一确权登记。对本行政区内除国家、省、市直接开展确权登记之外的湿地进行确权登记，县自然资源和规划局依据《办法》规定，参照国家、省、市开展湿地自然资源确权登记的工作流程和要求，可以颁发自然资源所有权证书，并向社会公开。\r\n</p>\r\n<p style=\"text-indent:2em;font-size:16px;color:#666666;font-family:&quot;background-color:#FFFFFF;\">\r\n	在自然保护地、水流等自然资源登记单元内登记的湿地不再作为单独湿地进行登记。\r\n</p>\r\n<p style=\"text-indent:2em;font-size:16px;color:#666666;font-family:&quot;background-color:#FFFFFF;\">\r\n	4．开展探明储量的矿产资源统一确权登记。对本行政区内除国家、省、市直接开展统一确权登记之外的探明储量的矿产资源进行统一确权登记，县自然资源和规划局依据《办法》规定，参照国家、省、市开展探明储量的矿产资源统一确权登记的工作流程和要求，可以颁发自然资源所有权证书，并向社会公布。\r\n</p>\r\n<p style=\"text-indent:2em;font-size:16px;color:#666666;font-family:&quot;background-color:#FFFFFF;\">\r\n	5．开展森林自然资源统一确权登记。对本行政区内尚未颁发林权权属证书的森林资源，县自然资源和规划局依据《办法》规定，以所有权权属为界线单独划分登记单元，进行所有权确权登记，可以颁发自然资源所有权证书，并向社会公开。\r\n</p>\r\n<p style=\"text-indent:2em;font-size:16px;color:#666666;font-family:&quot;background-color:#FFFFFF;\">\r\n	（三）推进自然资源统一确权登记信息化建设。县自然资源主管部门不再单独建设自然资源登记信息系统，统一使用全国自然资源登记信息系统，按照统一的标准开展工作，实现自然资源登记信息的统一管理、实时共享，建立本级自然资源确权登记信息数据库，做好本级负责的自然资源统一确权登记工作。\r\n</p>\r\n<p style=\"text-indent:2em;font-size:16px;color:#666666;font-family:&quot;background-color:#FFFFFF;\">\r\n	将自然资源统一确权登记信息纳入不动产登记信息管理基础平台，并实现与不动产登记信息、国土调查、专项调查信息的实时关联。自然资源部门与生态环境、水务等相关部门要加强信息共享，服务于自然资源的统一确权登记和有效监管。\r\n</p>\r\n<p style=\"text-indent:2em;font-size:16px;color:#666666;font-family:&quot;background-color:#FFFFFF;\">\r\n	<span style=\"font-weight:700;\">三、时间安排</span>\r\n</p>\r\n<p style=\"text-indent:2em;font-size:16px;color:#666666;font-family:&quot;background-color:#FFFFFF;\">\r\n	根据国家、省、市部署安排，从2020年起，利用4年时间基本完成全县重点区域自然资源统一确权登记，2023年以后，通过补充完善的方式逐步实现全县全覆盖的工作目标，制定总体工作方案和年度实施方案，分阶段推进自然资源确权登记工作。\r\n</p>\r\n<p style=\"text-indent:2em;font-size:16px;color:#666666;font-family:&quot;background-color:#FFFFFF;\">\r\n	（一）2020年工作任务。\r\n</p>\r\n<p style=\"text-indent:2em;font-size:16px;color:#666666;font-family:&quot;background-color:#FFFFFF;\">\r\n	1．配合省自然资源厅、市自然资源和规划局开展的我县行政区域内的自然资源统一确权登记工作。\r\n</p>\r\n<p style=\"text-indent:2em;font-size:16px;color:#666666;font-family:&quot;background-color:#FFFFFF;\">\r\n	2．依据总体工作方案，制定本行政区域范围内自然资源统一确权登记年度实施方案和工作计划，启动阜宁县自然资源统一确权登记工作。根据国家出台的相关标准、规范，适时参加省、市组织的培训。\r\n</p>\r\n<p style=\"text-indent:2em;font-size:16px;color:#666666;font-family:&quot;background-color:#FFFFFF;\">\r\n	3．县自然资源和规划局根据县政府代理行使所有权的资源清单，从自然保护地、本行政区域范围的水流等全民所有自然资源中，选择一批重要自然生态空间和单项自然资源开展统一确权登记。根据国家统一部署开展探明储量的矿产资源统一确权登记工作。\r\n</p>\r\n<p style=\"text-indent:2em;font-size:16px;color:#666666;font-family:&quot;background-color:#FFFFFF;\">\r\n	（二）2021—2022年工作任务。\r\n</p>\r\n<p style=\"text-indent:2em;font-size:16px;color:#666666;font-family:&quot;background-color:#FFFFFF;\">\r\n	1．配合国家、省、市开展我县行政区域内的自然保护地、水流、生态功能重要的湿地以及探明储量的重要自然生态空间和单项自然资源的统一确权登记工作。\r\n</p>\r\n<p style=\"text-indent:2em;font-size:16px;color:#666666;font-family:&quot;background-color:#FFFFFF;\">\r\n	2．县自然资源和规划局根据本行政区域范围内自然资源统一确权登记总体工作方案和制定的年度工作计划，基本完成本行政区域内重点区域自然资源统一确权登记工作。根据国家统一部署开展探明储量的矿产资源统一确权登记工作。\r\n</p>\r\n<p style=\"text-indent:2em;font-size:16px;color:#666666;font-family:&quot;background-color:#FFFFFF;\">\r\n	3．随着统一确权登记工作的开展，同步完成本级自然资源统一确权登记数据库的建设。\r\n</p>\r\n<p style=\"text-indent:2em;font-size:16px;color:#666666;font-family:&quot;background-color:#FFFFFF;\">\r\n	（三）2023年以后工作任务。\r\n</p>\r\n<p style=\"text-indent:2em;font-size:16px;color:#666666;font-family:&quot;background-color:#FFFFFF;\">\r\n	在基本完成全县重点区域的自然资源统一确权登记工作的基础上，适时启动非重点区域自然资源确权登记工作，最终实现全县自然资源确权登记全覆盖的目标。\r\n</p>\r\n<p style=\"text-indent:2em;font-size:16px;color:#666666;font-family:&quot;background-color:#FFFFFF;\">\r\n	自然资源统一确权登记年度实施计划，可根据正式发布的全民所有自然资源资产中央政府行使所有权和委托地方政府代理行使所有权的资源清单进行调整。\r\n</p>\r\n<p style=\"text-indent:2em;font-size:16px;color:#666666;font-family:&quot;background-color:#FFFFFF;\">\r\n	<span style=\"font-weight:700;\">四、保障措施</span>\r\n</p>\r\n<p style=\"text-indent:2em;font-size:16px;color:#666666;font-family:&quot;background-color:#FFFFFF;\">\r\n	（一）加强组织领导。成立县自然资源统一确权登记工作领导小组，组织指导实施全县自然资源统一确权登记工作。县自然资源和规划局要加强对全县自然资源统一确权登记工作的指导监督，完善制度建设，会同有关部门及时协商解决工作中的重大问题，委托县不动产登记中心承担由县登记机构具体负责的自然资源统一确权登记组织实施工作。其他部门要对照职责分工，进一步细化任务要求，确保按序时推进自然资源统一确权登记工作。\r\n</p>\r\n<p style=\"text-indent:2em;font-size:16px;color:#666666;font-family:&quot;background-color:#FFFFFF;\">\r\n	（二）强化统筹配合。各镇区（街道、社区）、县各相关部门和单位要密切配合，形成合力，不折不扣完成自然资源统一确权登记工作任务。县自然资源和规划局要加强对全县自然资源统一确权登记工作的指导、监督，配合、支持自然资源部、省自然资源厅、市自然资源和规划局做好相关实施工作。县财政局要做好自然资源统一确权登记和权籍调查的资金保障工作。\r\n</p>\r\n<p style=\"text-indent:2em;font-size:16px;color:#666666;font-family:&quot;background-color:#FFFFFF;\">\r\n	（三）健全协调机制。县自然资源和规划局要主动做好与生态环境、水务等相关部门的沟通、协调，共同预划登记单元、划清自然资源类型边界、开展自然资源权籍调查、对登记的内容进行审核。充分利用已有的自然资源统一确权登记基础资料，现有资料不能满足需要的，应该积极研究解决办法，必要时可开展补充性调查。加强数据质量审核评估和检查，确保基础数据真实可靠、准确客观。\r\n</p>\r\n<p style=\"text-indent:2em;font-size:16px;color:#666666;font-family:&quot;background-color:#FFFFFF;\">\r\n	（四）做好宣传培训。县自然资源和规划局要全面准确宣传自然资源统一确权登记的重要意义、工作进展与成效，加强全县自然资源统一确权登记工作经验交流，为自然资源统一确权登记工作营造良好舆论氛围，同时要积极组织参加培训，提升队伍素质，加强自然资源登记专业人才队伍建设。\r\n</p>\r\n<p style=\"text-indent:2em;font-size:16px;color:#666666;font-family:&quot;background-color:#FFFFFF;\">\r\n	本方案由县自然资源和规划局负责解释。\r\n</p>\r\n<p style=\"text-indent:2em;font-size:16px;color:#666666;font-family:&quot;background-color:#FFFFFF;\">\r\n	附件：<a href=\"http://www.funing.gov.cn/art/2020/6/10/art_11574_3382671.html\"><span style=\"color:#2980B9;\">1．阜宁县自然资源统一确权登记工作领导小组成员名单</span></a>\r\n</p>\r\n<p style=\"text-indent:2em;font-size:16px;color:#666666;font-family:&quot;background-color:#FFFFFF;\">\r\n	<a href=\"http://www.funing.gov.cn/art/2020/6/10/art_11574_3382671.html\"><span style=\"color:#2980B9;\">2．阜宁县自然资源统一确权登记工作职责分工</span></a>\r\n</p>\r\n<p style=\"text-indent:2em;font-size:16px;color:#666666;font-family:&quot;background-color:#FFFFFF;\">\r\n	<a href=\"http://www.funing.gov.cn/art/2020/6/10/art_11574_3382671.html\"><span style=\"color:#2980B9;\">3．阜宁县自然资源统一确权登记年度实施计划</span></a>\r\n</p>\r\n<p style=\"text-indent:2em;font-size:16px;color:#666666;font-family:&quot;background-color:#FFFFFF;\">\r\n	&gt;&gt;如有阜宁县农村产权交易问题，请咨询<a href=\"http://jsfuning.nongjiao.com/\"><span style=\"color:#F39C12;\"><span style=\"font-weight:700;\">阜宁县农村产权交易服务平台</span></span></a>\r\n</p>','阜宁县','江苏省','阜宁县人民政府');
/*!40000 ALTER TABLE `zte_inform` ENABLE KEYS */;
UNLOCK TABLES;

--
-- Table structure for table `zte_label_type`
--

DROP TABLE IF EXISTS `zte_label_type`;
/*!40101 SET @saved_cs_client     = @@character_set_client */;
/*!50503 SET character_set_client = utf8mb4 */;
CREATE TABLE `zte_label_type` (
  `id` bigint NOT NULL AUTO_INCREMENT,
  `create_time` datetime NOT NULL,
  `update_time` datetime NOT NULL,
  `name` varchar(10) NOT NULL,
  `status` int DEFAULT NULL,
  PRIMARY KEY (`id`)
) ENGINE=InnoDB AUTO_INCREMENT=15 DEFAULT CHARSET=utf8mb3;
/*!40101 SET character_set_client = @saved_cs_client */;

--
-- Dumping data for table `zte_label_type`
--

LOCK TABLES `zte_label_type` WRITE;
/*!40000 ALTER TABLE `zte_label_type` DISABLE KEYS */;
INSERT INTO `zte_label_type` VALUES (5,'2021-01-26 11:32:34','2021-01-26 11:32:34','住宅用房',1),(8,'2021-01-26 11:36:59','2021-01-26 14:35:59','机械设备',1),(9,'2021-01-26 11:37:11','2021-01-26 11:37:11','电子产品',1),(11,'2021-01-26 14:47:18','2021-01-26 14:47:18','车',1),(14,'2021-01-27 14:42:42','2021-02-04 10:26:29','奢侈品',1);
/*!40000 ALTER TABLE `zte_label_type` ENABLE KEYS */;
UNLOCK TABLES;

--
-- Table structure for table `zte_menu`
--

DROP TABLE IF EXISTS `zte_menu`;
/*!40101 SET @saved_cs_client     = @@character_set_client */;
/*!50503 SET character_set_client = utf8mb4 */;
CREATE TABLE `zte_menu` (
  `id` bigint NOT NULL AUTO_INCREMENT,
  `create_time` datetime NOT NULL,
  `update_time` datetime NOT NULL,
  `name` varchar(18) NOT NULL,
  `url` varchar(128) DEFAULT NULL,
  `icon` varchar(64) DEFAULT NULL,
  `sort` int NOT NULL,
  `parent_id` bigint DEFAULT NULL,
  `is_bitton` bit(1) NOT NULL,
  `is_show` bit(1) NOT NULL,
  PRIMARY KEY (`id`),
  KEY `FKsbtnjocfrq29e8taxdwo21gic` (`parent_id`),
  CONSTRAINT `FKsbtnjocfrq29e8taxdwo21gic` FOREIGN KEY (`parent_id`) REFERENCES `zte_menu` (`id`)
) ENGINE=InnoDB AUTO_INCREMENT=95 DEFAULT CHARSET=utf8mb3;
/*!40101 SET character_set_client = @saved_cs_client */;

--
-- Dumping data for table `zte_menu`
--

LOCK TABLES `zte_menu` WRITE;
/*!40000 ALTER TABLE `zte_menu` DISABLE KEYS */;
INSERT INTO `zte_menu` VALUES (2,'2020-03-14 14:26:03','2020-03-14 18:24:53','系统设置','','mdi-settings',0,NULL,_binary '\0',_binary ''),(3,'2020-03-14 16:58:55','2020-03-14 18:26:02','菜单管理','/admin/menu/list','mdi-view-list',1,2,_binary '\0',_binary ''),(5,'2020-03-14 17:04:44','2020-03-14 18:27:53','新增','/admin/menu/add','mdi-plus',2,3,_binary '\0',_binary ''),(7,'2020-03-14 17:07:43','2020-03-15 12:11:25','角色管理','/admin/role/list','mdi-account-settings-variant',5,2,_binary '\0',_binary ''),(8,'2020-03-14 18:28:48','2020-03-21 22:04:45','编辑','edit(\'/admin/menu/edit\')','mdi-grease-pencil',3,3,_binary '',_binary ''),(9,'2020-03-14 18:30:00','2020-03-21 22:08:20','删除','del(\'/admin/menu/delete\')','mdi-close',4,3,_binary '',_binary ''),(10,'2020-03-15 12:12:00','2020-03-15 12:12:00','添加','/admin/role/add','mdi-account-plus',6,7,_binary '\0',_binary ''),(11,'2020-03-15 12:12:36','2020-03-21 22:10:45','编辑','edit(\'/admin/role/edit\')','mdi-account-edit',7,7,_binary '',_binary ''),(12,'2020-03-15 12:13:19','2020-03-21 22:15:27','删除','del(\'/admin/role/delete\')','mdi-account-remove',8,7,_binary '',_binary ''),(13,'2020-03-15 12:14:52','2020-03-15 12:17:00','用户管理','/admin/user/list','mdi-account-multiple',9,2,_binary '\0',_binary ''),(14,'2020-03-15 12:15:22','2020-03-15 12:17:27','添加','/admin/user/add','mdi-account-plus',10,13,_binary '\0',_binary ''),(15,'2020-03-16 17:18:14','2020-03-21 22:11:19','编辑','edit(\'/admin/user/edit\')','mdi-account-edit',11,13,_binary '',_binary ''),(16,'2020-03-16 17:19:01','2020-03-21 22:15:36','删除','del(\'/admin/user/delete\')','mdi-account-remove',12,13,_binary '',_binary ''),(19,'2020-03-22 11:24:36','2020-03-22 11:26:00','上传图片','/upload/upload_photo','mdi-arrow-up-bold-circle',0,13,_binary '\0',_binary '\0'),(20,'2020-03-22 14:09:35','2020-03-22 14:09:47','日志管理','/system/operator_log_list','mdi-tag-multiple',13,2,_binary '\0',_binary ''),(21,'2020-03-22 14:11:39','2020-03-22 14:11:39','删除','del(\'/system/delete_operator_log\')','mdi-tag-remove',14,20,_binary '',_binary ''),(22,'2020-03-22 14:12:57','2020-03-22 14:46:55','清空日志','delAll(\'/system/delete_all_operator_log\')','mdi-delete-circle',15,20,_binary '',_binary ''),(23,'2020-03-22 14:46:40','2020-03-22 14:47:09','数据备份','/admin/database_bak/list','mdi-database',16,2,_binary '\0',_binary ''),(24,'2020-03-22 14:48:07','2020-03-22 15:13:41','备份','add(\'/admin/database_bak/add\')','mdi-database-plus',17,23,_binary '',_binary ''),(25,'2020-03-22 14:49:03','2020-03-22 14:49:03','删除','del(\'/admin/database_bak/delete\')','mdi-database-minus',18,23,_binary '',_binary ''),(26,'2020-03-22 19:36:20','2020-03-22 19:36:20','还原','restore(\'/admin/database_bak/restore\')','mdi-database-minus',19,23,_binary '',_binary ''),(27,'2021-01-26 10:45:12','2021-01-26 10:45:55','竞拍管理','','mdi-arrange-send-to-back',20,NULL,_binary '\0',_binary ''),(28,'2021-01-26 10:48:13','2021-01-26 10:48:13','标类型列表','/admin/label_type/list','mdi-google-circles-communities',21,27,_binary '\0',_binary ''),(29,'2021-01-26 10:49:22','2021-01-26 13:08:17','添加','/admin/label_type/add','mdi-plus',22,28,_binary '\0',_binary ''),(30,'2021-01-26 10:49:29','2021-01-26 13:08:08','机构管理','','mdi-widgets',25,NULL,_binary '\0',_binary ''),(31,'2021-01-26 10:50:02','2021-01-26 10:51:44','编辑','edit(\'/admin/label_type/edit\')','mdi-minus',23,28,_binary '',_binary ''),(32,'2021-01-26 10:51:20','2021-01-26 10:51:20','删除','del(\'/admin/label_type/delete\')','mdi-close',24,28,_binary '',_binary ''),(33,'2021-01-26 13:09:06','2021-01-26 13:09:06','前台用户管理','','mdi-account-multiple',26,NULL,_binary '\0',_binary ''),(34,'2021-01-26 13:09:48','2021-01-26 13:09:48','前台用户列表','/admin/homeUser/list','mdi-account',27,33,_binary '\0',_binary ''),(35,'2021-01-26 13:10:42','2021-01-26 13:12:09','编辑','edit(\'/admin/homeUser/edit\')','mdi-account-settings-variant',28,34,_binary '',_binary ''),(36,'2021-01-26 14:33:59','2021-01-26 14:33:59','常见问题管理','/admin/common_problem/list','mdi-lightbulb-on',29,27,_binary '\0',_binary ''),(37,'2021-01-26 14:34:44','2021-01-26 14:34:44','添加','/admin/common_problem/add','mdi-needle',30,36,_binary '\0',_binary ''),(38,'2021-01-26 14:36:12','2021-01-26 14:36:12','编辑','edit(\'/admin/common_problem/edit\')','mdi-pencil',31,36,_binary '',_binary ''),(39,'2021-01-26 14:36:51','2021-01-26 14:36:51','删除','del(\'/admin/common_problem/delete\')','mdi-zip-box',32,36,_binary '',_binary ''),(40,'2021-01-26 15:17:36','2021-02-03 10:11:11','机构管理','/admin/organization/list','mdi-chip',33,30,_binary '\0',_binary ''),(41,'2021-01-26 15:18:13','2021-01-26 15:18:13','编辑','edit(\'/admin/organization/edit\')','mdi-wrench',34,40,_binary '',_binary ''),(42,'2021-01-26 15:19:11','2021-01-26 15:19:11','删除','del(\'/admin/organization/delete\')','mdi-delete-empty',35,40,_binary '',_binary ''),(43,'2021-01-26 17:12:41','2021-01-26 17:12:57','竞拍列表','/admin/bidding/list','mdi-gavel',36,27,_binary '\0',_binary ''),(44,'2021-01-26 17:15:08','2021-01-26 17:15:43','添加','/admin/bidding/add','mdi-plus',37,43,_binary '\0',_binary ''),(45,'2021-01-26 17:16:17','2021-01-26 17:16:17','编辑','edit(\'/admin/bidding/edit\')','mdi-minus',38,43,_binary '',_binary ''),(46,'2021-01-26 17:17:04','2021-01-26 17:17:04','删除','del(\'/admin/bidding/delete\')','mdi-close',39,43,_binary '',_binary ''),(47,'2021-01-26 17:48:34','2021-01-26 17:48:34','我的信息','','mdi-bootstrap',40,NULL,_binary '\0',_binary ''),(48,'2021-01-26 17:49:47','2021-01-26 17:49:47','我的机构信息','/admin/organization/info','mdi-worker',41,47,_binary '\0',_binary ''),(50,'2021-01-27 15:43:24','2021-01-27 15:43:24','我的审核信息','/admin/organization/audit_list','mdi-switch',43,47,_binary '\0',_binary ''),(51,'2021-01-27 15:46:01','2021-01-27 16:07:56','编辑','auditEdit(\'/admin/organization/audit_edit\')','mdi-wrench',44,50,_binary '',_binary ''),(52,'2021-01-27 15:48:40','2021-01-27 17:32:12','提交审核','submitAudit(\'/admin/organization/submit_audit\')','mdi-dumbbell',45,50,_binary '',_binary ''),(53,'2021-01-27 17:53:38','2021-01-27 17:53:38','审核','/admin/organization/approval','mdi-comment-processing-outline',46,40,_binary '\0',_binary '\0'),(54,'2021-01-27 18:26:55','2021-01-27 18:30:42','提交押金','cashPledge(\'/admin/organization/pay_cash_pledge\')','mdi-octagram-outline',47,50,_binary '',_binary ''),(55,'2021-01-27 18:27:17','2021-01-27 18:27:32','发布','/admin/bidding/update_status','mdi-gesture-double-tap',48,43,_binary '\0',_binary '\0'),(57,'2021-01-27 19:03:16','2021-01-28 09:47:56','同意','approved(\'/admin/bidding/examine?type=true\')','mdi-checkbox-marked-circle-outline',50,60,_binary '',_binary ''),(58,'2021-01-27 19:03:56','2021-01-28 09:47:37','拒绝','approved(\'/admin/bidding/examine?type=false\')','mdi-window-close',51,60,_binary '',_binary ''),(59,'2021-01-28 09:08:14','2021-01-28 09:39:57','修改支付密码','/admin/organization/update_pay_pwd','mdi-verified',52,47,_binary '\0',_binary ''),(60,'2021-01-28 09:46:38','2021-01-28 09:46:49','竞拍审核','/admin/bidding/project_audit','mdi-checkbox-marked-circle-outline',53,27,_binary '\0',_binary ''),(61,'2021-01-28 09:52:42','2021-01-28 09:52:42','银行卡管理','','mdi-voice',54,NULL,_binary '\0',_binary ''),(62,'2021-01-28 09:53:42','2021-01-28 09:53:42','我的银行卡','/admin/org_bank_card/list','mdi-timer-sand-full',55,61,_binary '\0',_binary ''),(63,'2021-01-28 09:55:14','2021-01-28 09:55:14','添加','/admin/org_bank_card/add','mdi-sign-direction',56,62,_binary '\0',_binary ''),(64,'2021-01-28 09:56:00','2021-01-28 09:56:00','删除','del(\'/admin/org_bank_card/delete\')','mdi-delete-sweep',57,62,_binary '',_binary ''),(65,'2021-01-28 10:02:34','2021-01-28 10:33:07','查看详情','viewProject(\'/admin/bidding/project_detail\')','mdi-yammer',58,60,_binary '',_binary ''),(66,'2021-01-28 13:42:41','2021-01-28 13:42:41','充值记录管理','','mdi-clipboard-check',59,NULL,_binary '\0',_binary ''),(67,'2021-01-28 13:46:29','2021-01-28 13:46:29','我的充值','/admin/org_alipay/list','mdi-account-card-details',60,66,_binary '\0',_binary ''),(68,'2021-01-28 13:47:28','2021-01-28 13:50:06','去充值','toPay(\'/admin/org_alipay/add\')','mdi-code-string',61,67,_binary '',_binary ''),(69,'2021-01-28 14:09:14','2021-01-28 14:09:27','审批记录列表','/admin/approval_record/list','mdi-kodi',62,27,_binary '\0',_binary ''),(70,'2021-01-28 14:17:11','2021-01-28 14:18:31','删除','del(\'/admin/approval_record/delete\')','mdi-close',63,69,_binary '',_binary ''),(71,'2021-01-28 14:34:33','2021-01-28 14:34:33','交易中心','/admin/bidding/trading_center','mdi-bullhorn',64,27,_binary '\0',_binary ''),(72,'2021-01-28 14:49:04','2021-01-28 14:49:04','充值','/admin/org_alipay/to_pay','mdi-check-circle',65,67,_binary '\0',_binary '\0'),(73,'2021-01-28 15:07:29','2021-01-28 15:07:29','充值结果','/admin/org_alipay/alipay_notify','mdi-book-unsecure',66,67,_binary '\0',_binary '\0'),(75,'2021-01-28 15:59:50','2021-01-28 15:59:50','提现记录','/admin/org_wr/my_list','mdi-note-outline',67,66,_binary '\0',_binary ''),(76,'2021-01-28 16:19:52','2021-01-28 16:19:52','机构提现记录','/admin/org_wr/list','mdi-led-on',68,30,_binary '\0',_binary ''),(77,'2021-01-28 16:20:29','2021-01-28 16:20:29','审批','/admin/org_wr/approval','mdi-lightbulb-on',69,76,_binary '\0',_binary '\0'),(78,'2021-01-28 16:26:44','2021-01-28 16:26:44','申请提现','/admin/org_wr/add','mdi-trophy-award',70,75,_binary '\0',_binary '\0'),(79,'2021-01-29 09:46:49','2021-01-30 13:52:26','新闻通知管理','','mdi-content-copy',71,NULL,_binary '\0',_binary ''),(80,'2021-01-29 09:47:30','2021-02-03 10:09:21','新闻分类管理','/admin/news_type/list','mdi-vlc',72,79,_binary '\0',_binary ''),(81,'2021-01-29 09:48:04','2021-01-29 09:48:04','添加','/admin/news_type/add','mdi-tag-heart',73,80,_binary '\0',_binary ''),(82,'2021-01-29 09:49:22','2021-01-29 09:49:22','编辑','edit(\'/admin/news_type/edit\')','mdi-wrench',74,80,_binary '',_binary ''),(83,'2021-01-29 09:50:09','2021-01-29 09:50:09','删除','del(\'/admin/news_type/delete\')','mdi-delete-forever',75,80,_binary '',_binary ''),(84,'2021-01-29 10:03:06','2021-02-03 15:58:16','新闻管理','/admin/news/list','mdi-tooltip-image',76,79,_binary '\0',_binary ''),(85,'2021-01-29 10:04:07','2021-01-29 10:05:34','添加','/admin/news/add','mdi-sticker-emoji',77,84,_binary '\0',_binary ''),(86,'2021-01-29 10:04:54','2021-01-29 10:04:54','删除','del(\'/admin/news/delete\')','mdi-delete-sweep',78,84,_binary '',_binary ''),(87,'2021-01-29 12:17:06','2021-01-29 12:17:24','前台用户提现记录','/admin/homeUser/wr_list','mdi-currency-cny',79,33,_binary '\0',_binary ''),(88,'2021-01-29 12:24:47','2021-01-29 12:24:47','审批','/admin/homeUser/approval','mdi-account-settings-variant',80,87,_binary '\0',_binary '\0'),(89,'2021-01-30 13:53:53','2021-02-03 16:03:53','通知公告管理','/admin/inform/list','mdi-windows',81,79,_binary '\0',_binary ''),(90,'2021-01-30 13:55:17','2021-01-30 13:55:17','添加','/admin/inform/add','mdi-plus',82,89,_binary '\0',_binary ''),(91,'2021-01-30 13:56:13','2021-01-30 13:56:13','删除','del(\'/admin/inform/delete\')','mdi-delete-forever',83,89,_binary '',_binary ''),(92,'2021-02-01 18:32:39','2021-02-01 18:32:39','查看留言','showMsg(\'/admin/bidding/msg_list\')','mdi-help-circle-outline',84,43,_binary '',_binary ''),(93,'2021-02-01 19:22:17','2021-02-01 19:22:17','回复','/admin/bidding/reply','mdi-power-socket-us',85,43,_binary '\0',_binary '\0'),(94,'2021-02-02 18:26:08','2021-02-02 18:26:08','设置逾期','/admin/bidding/set_overdue','mdi-emoticon-dead',86,43,_binary '\0',_binary '\0');
/*!40000 ALTER TABLE `zte_menu` ENABLE KEYS */;
UNLOCK TABLES;

--
-- Table structure for table `zte_message_and_reply`
--

DROP TABLE IF EXISTS `zte_message_and_reply`;
/*!40101 SET @saved_cs_client     = @@character_set_client */;
/*!50503 SET character_set_client = utf8mb4 */;
CREATE TABLE `zte_message_and_reply` (
  `id` bigint NOT NULL AUTO_INCREMENT,
  `create_time` datetime NOT NULL,
  `update_time` datetime NOT NULL,
  `message` varchar(255) DEFAULT NULL,
  `reply` varchar(255) DEFAULT NULL,
  `bidding_project_id` bigint DEFAULT NULL,
  `home_user_id` bigint DEFAULT NULL,
  PRIMARY KEY (`id`),
  KEY `FK6y498e3ai0eywwrqfacyadpuv` (`bidding_project_id`),
  KEY `FK94kmb5gjfsrxeje47iqptvjba` (`home_user_id`),
  CONSTRAINT `FK6y498e3ai0eywwrqfacyadpuv` FOREIGN KEY (`bidding_project_id`) REFERENCES `zte_bidding_project` (`id`),
  CONSTRAINT `FK94kmb5gjfsrxeje47iqptvjba` FOREIGN KEY (`home_user_id`) REFERENCES `zte_home_user` (`id`)
) ENGINE=InnoDB AUTO_INCREMENT=8 DEFAULT CHARSET=utf8mb3;
/*!40101 SET character_set_client = @saved_cs_client */;

--
-- Dumping data for table `zte_message_and_reply`
--

LOCK TABLES `zte_message_and_reply` WRITE;
/*!40000 ALTER TABLE `zte_message_and_reply` DISABLE KEYS */;
INSERT INTO `zte_message_and_reply` VALUES (1,'2021-02-04 14:48:23','2021-02-04 14:48:23','可以介绍一下吗',NULL,2,1),(2,'2021-02-04 14:48:38','2021-02-04 14:49:29','这个车况怎么样？价格能不能便宜点','车况很好，价格不能再便宜了',2,5),(3,'2021-02-04 14:48:47','2021-02-04 14:49:16','你这个不行啊， 我想买特斯拉','特斯拉比较贵哦',2,4),(4,'2021-02-04 14:49:24','2021-02-04 14:49:24','上次那个拍卖品 你怎么还不发货 干',NULL,2,4),(5,'2021-03-05 14:07:31','2021-03-05 14:07:31','您好',NULL,9,5),(6,'2021-03-05 14:07:47','2021-03-05 14:07:47','您好，',NULL,7,5),(7,'2021-03-05 14:08:01','2021-03-05 14:08:01','你好',NULL,6,5);
/*!40000 ALTER TABLE `zte_message_and_reply` ENABLE KEYS */;
UNLOCK TABLES;

--
-- Table structure for table `zte_news`
--

DROP TABLE IF EXISTS `zte_news`;
/*!40101 SET @saved_cs_client     = @@character_set_client */;
/*!50503 SET character_set_client = utf8mb4 */;
CREATE TABLE `zte_news` (
  `id` bigint NOT NULL AUTO_INCREMENT,
  `create_time` datetime NOT NULL,
  `update_time` datetime NOT NULL,
  `caption` varchar(30) NOT NULL,
  `city` varchar(255) DEFAULT NULL,
  `content` longtext,
  `county` varchar(255) DEFAULT NULL,
  `picture` varchar(128) DEFAULT NULL,
  `province` varchar(255) NOT NULL,
  `source` varchar(255) NOT NULL,
  `news_type_id` bigint DEFAULT NULL,
  PRIMARY KEY (`id`),
  KEY `FKgf0d0m89hxdnd4g2ayjraikwc` (`news_type_id`),
  CONSTRAINT `FKgf0d0m89hxdnd4g2ayjraikwc` FOREIGN KEY (`news_type_id`) REFERENCES `zte_news_type` (`id`)
) ENGINE=InnoDB AUTO_INCREMENT=4 DEFAULT CHARSET=utf8mb3;
/*!40101 SET character_set_client = @saved_cs_client */;

--
-- Dumping data for table `zte_news`
--

LOCK TABLES `zte_news` WRITE;
/*!40000 ALTER TABLE `zte_news` DISABLE KEYS */;
INSERT INTO `zte_news` VALUES (1,'2021-02-04 14:22:49','2021-02-04 14:22:49','2021年房产契税新政策！契税晚交了四年怎么办？','北京市市辖区','<p>\r\n	<span style=\"color:#666666;font-family:&quot;font-size:16px;background-color:#FFFFFF;\">房屋契税，一般是在房屋交易过程中必交纳的税费之一，通常契税是根据税率来计算的。新契税法将于2021年九月一号正式实施。下面就由农交网小编就来说说</span><span style=\"font-weight:700;color:#666666;font-family:&quot;font-size:16px;background-color:#FFFFFF;\">2021年房产契税新政策是怎样的？</span>\r\n</p>\r\n<p>\r\n	<img src=\"/photo/view?filename=/20210204/1612419718189.jpg\" alt=\"\" />\r\n</p>\r\n<p>\r\n	<p style=\"text-indent:2em;font-size:16px;color:#666666;font-family:&quot;background-color:#FFFFFF;\">\r\n		<span style=\"font-weight:700;\">一、2021年房产契税新政策</span>\r\n	</p>\r\n	<p style=\"text-indent:2em;font-size:16px;color:#666666;font-family:&quot;background-color:#FFFFFF;\">\r\n		1、契税应税行为\r\n	</p>\r\n	<p style=\"text-indent:2em;font-size:16px;color:#666666;font-family:&quot;background-color:#FFFFFF;\">\r\n		根据契税法第二条本法所称转移土地、房屋权属，是指下列行为：\r\n	</p>\r\n	<p style=\"text-indent:2em;font-size:16px;color:#666666;font-family:&quot;background-color:#FFFFFF;\">\r\n		（一）土地使用权出让；\r\n	</p>\r\n	<p style=\"text-indent:2em;font-size:16px;color:#666666;font-family:&quot;background-color:#FFFFFF;\">\r\n		（二）土地使用权转让，包括出售、赠与、互换；\r\n	</p>\r\n	<p style=\"text-indent:2em;font-size:16px;color:#666666;font-family:&quot;background-color:#FFFFFF;\">\r\n		（三）房屋买卖、赠与、互换。\r\n	</p>\r\n	<p style=\"text-indent:2em;font-size:16px;color:#666666;font-family:&quot;background-color:#FFFFFF;\">\r\n		前款第二项土地使用权转让，不包括土地承包经营权和土地经营权的转移。\r\n	</p>\r\n	<p style=\"text-indent:2em;font-size:16px;color:#666666;font-family:&quot;background-color:#FFFFFF;\">\r\n		以作价投资（入股）、偿还债务、划转、奖励等方式转移土地、房屋权属的，应当依照本法规定征收契税。\r\n	</p>\r\n	<p style=\"text-indent:2em;font-size:16px;color:#666666;font-family:&quot;background-color:#FFFFFF;\">\r\n		第一次将作价投资、偿还债务、划转、奖励等方式转移土地、房屋权属的行为纳入契税应税范围。\r\n	</p>\r\n	<p style=\"text-indent:2em;font-size:16px;color:#666666;font-family:&quot;background-color:#FFFFFF;\">\r\n		2、契税税率\r\n	</p>\r\n	<p style=\"text-indent:2em;font-size:16px;color:#666666;font-family:&quot;background-color:#FFFFFF;\">\r\n		根据契税法第三条，契税税率为百分之三至百分之五。契税的适用税率是由省、自治区、直辖市人民政府在前款规定的税率幅度内提出，报同级人民代表大会常务委员会决定，并报全国人民代表大会常务委员会和国务院备案。\r\n	</p>\r\n	<p style=\"text-indent:2em;font-size:16px;color:#666666;font-family:&quot;background-color:#FFFFFF;\">\r\n		省、自治区、直辖市可以依照前款规定的程序对不同主体、不同地区、不同类型的住房的权属转移确定差别税率。\r\n	</p>\r\n	<p style=\"text-indent:2em;font-size:16px;color:#666666;font-family:&quot;background-color:#FFFFFF;\">\r\n		3、契税减免\r\n	</p>\r\n	<p style=\"text-indent:2em;font-size:16px;color:#666666;font-family:&quot;background-color:#FFFFFF;\">\r\n		契税法增加以下三种土地、房屋权属转移免税行为：\r\n	</p>\r\n	<p style=\"text-indent:2em;font-size:16px;color:#666666;font-family:&quot;background-color:#FFFFFF;\">\r\n		（一）婚姻存续期间，夫妻之间变更土地、房屋权属；\r\n	</p>\r\n	<p style=\"text-indent:2em;font-size:16px;color:#666666;font-family:&quot;background-color:#FFFFFF;\">\r\n		（二）法定继承人继承土地、房屋权属；\r\n	</p>\r\n	<p style=\"text-indent:2em;font-size:16px;color:#666666;font-family:&quot;background-color:#FFFFFF;\">\r\n		（三）依照法律规定应当予以免税的外国驻华使馆、领事馆和国际组织驻华代表机构承受土地、房屋权属。\r\n	</p>\r\n	<p style=\"text-indent:2em;font-size:16px;color:#666666;font-family:&quot;background-color:#FFFFFF;\">\r\n		根据国民经济和社会发展的需要，国务院对居民住房需求保障、企业改制重组、灾后重建等情形可以规定免征或者减征契税，报全国人民代表大会常务委员会备案。\r\n	</p>\r\n	<p style=\"text-indent:2em;font-size:16px;color:#666666;font-family:&quot;background-color:#FFFFFF;\">\r\n		夫妻之间变更土地、房屋权属、法定继承人继承土地房屋权属、无需缴纳契税。法律规定应当予以免税的外国驻华使馆、领事馆、国家驻华代表机构承受土地房屋权属的行为免征契税。\r\n	</p>\r\n	<p style=\"text-indent:2em;font-size:16px;color:#666666;font-family:&quot;background-color:#FFFFFF;\">\r\n		<span style=\"font-weight:700;\">二、契税晚交了四年怎么办？</span>\r\n	</p>\r\n	<p style=\"text-indent:2em;font-size:16px;color:#666666;font-family:&quot;background-color:#FFFFFF;\">\r\n		1、如果业主是在开发商处购买的房子，那契税就可以晚交，因为开发商多数是在收房的时候就要求业主把契税交了，其实是等一年后才会把这个钱交给房管局的，所以可以晚交。\r\n	</p>\r\n	<p style=\"text-indent:2em;font-size:16px;color:#666666;font-family:&quot;background-color:#FFFFFF;\">\r\n		2、如果业主买的是二手房的话就不行，因为买二手房缴纳了契税后就可以马上领取出产权证了，如果长时间不交的话就会被退件，就需要在重新过户了。\r\n	</p>\r\n	<p style=\"text-indent:2em;font-size:16px;color:#666666;font-family:&quot;background-color:#FFFFFF;\">\r\n		3、纳税人进行纳税申报的，征收机关核定的税款缴纳期限届满的次日是计算滞纳金的起始日期，如果晚交了四年的话，是需要缴纳契税滞纳金的。\r\n	</p>\r\n	<p style=\"text-indent:2em;font-size:16px;color:#666666;font-family:&quot;background-color:#FFFFFF;\">\r\n		上述就是农交网的小编为大家整理的2021年房产契税新政策的内容分享。希望能给大家带帮助，想了解更多相关内容、精彩资讯尽在农交网。\r\n	</p>\r\n</p>','朝阳区','20210204/1612419767014.jpg','北京市','https://www.processon.com/view/link/648684e97fa8dd435937f162网',1),(2,'2021-02-04 14:24:26','2021-02-04 14:24:26','2021年农村最适合养殖什么？八大紧缺养殖项目值得注意！','北京市市辖区','<p>\r\n	<span style=\"color:#666666;font-family:Calibri;font-size:14px;background-color:#FFFFFF;\">现在很多农民朋友会选择养殖来进行创业增收，但在选择养殖类别的时候常会纠结。下面农交网小编就</span><span style=\"font-weight:700;color:#666666;font-family:Calibri;font-size:14px;background-color:#FFFFFF;\">2021年农村最适合养殖什么</span><span style=\"color:#666666;font-family:Calibri;font-size:14px;background-color:#FFFFFF;\">的问题来和大家分析分析。</span>\r\n</p>\r\n<p>\r\n	<img src=\"/photo/view?filename=/20210204/1612419826645.jpg\" alt=\"\" />\r\n</p>\r\n<p>\r\n	<p style=\"text-indent:2em;font-size:16px;color:#666666;font-family:&quot;background-color:#FFFFFF;\">\r\n		<span style=\"font-weight:700;\"><span><span style=\"font-size:10.5pt;\"><span style=\"font-family:Calibri;\">2021年农村最适合养殖什么？</span></span></span></span>\r\n	</p>\r\n	<p style=\"text-indent:2em;font-size:16px;color:#666666;font-family:&quot;background-color:#FFFFFF;\">\r\n		<span><span style=\"font-size:10.5pt;\"><span style=\"font-family:Calibri;\">1、养猪</span></span></span>\r\n	</p>\r\n	<p style=\"text-indent:2em;font-size:16px;color:#666666;font-family:&quot;background-color:#FFFFFF;\">\r\n		<span><span style=\"font-size:10.5pt;\"><span style=\"font-family:Calibri;\">2019年自然资源部办公厅发布《关于保障生猪养殖用地有关问题的通知》，《通知》提出，“生猪养殖圈舍、场区内通道及绿化隔离带等生产设施用地，取消15亩上限规定，保障生猪养殖生产的废弃物处理等设施用地需求。”</span></span></span>\r\n	</p>\r\n	<p style=\"text-indent:2em;font-size:16px;color:#666666;font-family:&quot;background-color:#FFFFFF;\">\r\n		<span><span style=\"font-size:10.5pt;\"><span style=\"font-family:Calibri;\">根据2019年发布的补贴标准，生猪养殖规模3000头以上的，补贴80万;2000到2999头的，补贴60万;1000到1999头的，补贴40万;500到999头的，补贴20万。实施生猪良种补贴，补贴标准每头能繁母猪每年不超过40元。</span></span></span>\r\n	</p>\r\n	<p style=\"text-indent:2em;font-size:16px;color:#666666;font-family:&quot;background-color:#FFFFFF;\">\r\n		<span><span style=\"font-size:10.5pt;\"><span style=\"font-family:Calibri;\">2、养鸡</span></span></span>\r\n	</p>\r\n	<p style=\"text-indent:2em;font-size:16px;color:#666666;font-family:&quot;background-color:#FFFFFF;\">\r\n		<span><span style=\"font-size:10.5pt;\"><span style=\"font-family:Calibri;\">有些地方政府为了保障养鸡的规模和健康，会对规范化建设养鸡场的养殖户，给予一定的养鸡场建设补贴，这样不仅可以带动其他养殖户学习，而且能够提高养殖的效率以及养殖产品的品质。</span></span></span>\r\n	</p>\r\n	<p style=\"text-indent:2em;font-size:16px;color:#666666;font-family:&quot;background-color:#FFFFFF;\">\r\n		<span><span style=\"font-size:10.5pt;\"><span style=\"font-family:Calibri;\">对于所有的养鸡国家补贴政策，基本上均以养殖数量界定，数量越多，其享受到的补贴也就越多，这主要是为了鼓励养殖户们能够大力发展养殖业。</span></span></span>\r\n	</p>\r\n	<p style=\"text-indent:2em;font-size:16px;color:#666666;font-family:&quot;background-color:#FFFFFF;\">\r\n		<span><span style=\"font-size:10.5pt;\"><span style=\"font-family:Calibri;\">3、林下养鸡</span></span></span>\r\n	</p>\r\n	<p style=\"text-indent:2em;font-size:16px;color:#666666;font-family:&quot;background-color:#FFFFFF;\">\r\n		<span><span style=\"font-size:10.5pt;\"><span style=\"font-family:Calibri;\">林下养鸡是将鸡群散放养殖于林下田间的养殖模式，能充分利用林地田间天然的青草饲料、昆虫饲料、清泉山等食物来源，既能节约养殖饲料成本，又能增强鸡的活动能力和抗病能力，具有隔离条件好、疾病发生少、养殖成本低、成活率高的特点，近年来成为了众多养殖户的选择，所以2021年养殖还是赚钱的。林下散养鸡为了做到科学化养殖，在既能获得较好的经济效益，又不破坏生态的前提下，养殖密度上有讲究，一般一亩地养殖30—50只为宜。</span></span></span>\r\n	</p>\r\n	<p style=\"text-indent:2em;font-size:16px;color:#666666;font-family:&quot;background-color:#FFFFFF;\">\r\n		<span><span style=\"font-size:10.5pt;\"><span style=\"font-family:Calibri;\">4、大闸蟹养殖</span></span></span>\r\n	</p>\r\n	<p style=\"text-indent:2em;font-size:16px;color:#666666;font-family:&quot;background-color:#FFFFFF;\">\r\n		<span><span style=\"font-size:10.5pt;\"><span style=\"font-family:Calibri;\">随着中国居民经济水平的提升，老百姓的饮食消费结构也发生了很大的变化，大闸蟹已经走进寻常百姓人家的餐桌，国内的大闸蟹市场是大家有目共睹的，国庆前后螃蟹可谓供不应求。养殖螃蟹风险低，回本快，市场需求大。</span></span></span>\r\n	</p>\r\n	<p style=\"text-indent:2em;font-size:16px;color:#666666;font-family:&quot;background-color:#FFFFFF;\">\r\n		<span><span style=\"font-size:10.5pt;\"><span style=\"font-family:Calibri;\">5、蜜蜂养殖</span></span></span>\r\n	</p>\r\n	<p style=\"text-indent:2em;font-size:16px;color:#666666;font-family:&quot;background-color:#FFFFFF;\">\r\n		<span><span style=\"font-size:10.5pt;\"><span style=\"font-family:Calibri;\">我国蜜蜂养殖的优势很大，蜂的主要产品是蜂蜜、蜂胶和蜂王浆，其中蜂蜜是蜜蜂采集花蜜酿成的，自古以来便是纯天然营养品，蜂胶是蜜蜂采集树胶并混以腺体分泌制成的，因极具保健功效而备受青睐。</span></span></span>\r\n	</p>\r\n	<p style=\"text-indent:2em;font-size:16px;color:#666666;font-family:&quot;background-color:#FFFFFF;\">\r\n		<span><span style=\"font-size:10.5pt;\"><span style=\"font-family:Calibri;\">6、肉鸽养殖</span></span></span>\r\n	</p>\r\n	<p style=\"text-indent:2em;font-size:16px;color:#666666;font-family:&quot;background-color:#FFFFFF;\">\r\n		<span><span style=\"font-size:10.5pt;\"><span style=\"font-family:Calibri;\">肉鸽养殖的成本要远远低于肉鸡，肉鸽饲养简单，投资少，成本低，用粮少，见效快，经济效益高，是当前最具发展前途的养殖业之一。</span></span></span>\r\n	</p>\r\n	<p style=\"text-indent:2em;font-size:16px;color:#666666;font-family:&quot;background-color:#FFFFFF;\">\r\n		&nbsp;\r\n	</p>\r\n	<p style=\"text-indent:2em;font-size:16px;color:#666666;font-family:&quot;background-color:#FFFFFF;\">\r\n		<span><span style=\"font-size:10.5pt;\"><span style=\"font-family:Calibri;\">7、肉驴养殖</span></span></span>\r\n	</p>\r\n	<p style=\"text-indent:2em;font-size:16px;color:#666666;font-family:&quot;background-color:#FFFFFF;\">\r\n		<span><span style=\"font-size:10.5pt;\"><span style=\"font-family:Calibri;\">驴肉细嫩味美，所以驴肉一直供不应求，市场缺口在70%以上，驴是食草动物，适应性极好，抗病力很强，容易管理，而且风险小、投资少、效益高，很适合创业者施展身手，驴肉具有补血、益气补虚等保健功能，还有两高两低的特点，对动脉硬化、冠心病、高血压患者有着良好的保健作用，国家政策鼓励个体创业，特别是在农业养殖更是给予资金补助支持，各个地方政府也出台了很多的资金补助条例。</span></span></span>\r\n	</p>\r\n	<p style=\"text-indent:2em;font-size:16px;color:#666666;font-family:&quot;background-color:#FFFFFF;\">\r\n		<span><span style=\"font-size:10.5pt;\"><span style=\"font-family:Calibri;\">8、水产养殖</span></span></span>\r\n	</p>\r\n	<p style=\"text-indent:2em;font-size:16px;color:#666666;font-family:&quot;background-color:#FFFFFF;\">\r\n		<span><span style=\"font-size:10.5pt;\"><span style=\"font-family:Calibri;\">在农村都有大大小小的池塘，可以利用这些池塘进行水产养殖，比如青鱼、黑鱼、罗非鱼等经济鱼类，它们市场需求量大，市场价格稳定，是不错的小型养殖。另外也可养殖黄鳝、泥鳅之类的，它们的养殖利润也极高，同时养殖成本较低。此外，还有养殖稻田小龙虾，也是个不错的项目。</span></span></span>\r\n	</p>\r\n</p>','丰台区','20210204/1612419862390.jpg','北京市','中国人民政府网',1),(3,'2021-02-04 14:25:59','2021-02-04 14:25:59','集体土地征收和征用有什么区别？国有土地和集体土地征收的区别？','北京市市辖区','<p>\r\n	<span style=\"color:#666666;font-family:&quot;font-size:16px;background-color:#FFFFFF;\">我们经常会听到土地征收和土地征用这两个词，，虽然两词只差一字，但意思却大不相同。那么，你知道</span><span style=\"font-weight:700;color:#666666;font-family:&quot;font-size:16px;background-color:#FFFFFF;\">集体土地征收和征用有什么区别？国有土地和集体土地征收的区别？</span><span style=\"color:#666666;font-family:&quot;font-size:16px;background-color:#FFFFFF;\">下面，小编带着大家一起来了解下</span><span style=\"color:#666666;font-family:&quot;font-size:16px;background-color:#FFFFFF;\">。</span>\r\n</p>\r\n<p>\r\n	<img src=\"/photo/view?filename=/20210204/1612419921119.jpg\" alt=\"\" />\r\n</p>\r\n<p>\r\n	<p style=\"text-indent:2em;font-size:16px;color:#666666;font-family:&quot;background-color:#FFFFFF;\">\r\n		<span style=\"color:#E74C3C;\">一、集体土地征收和征用有什么区别？</span>\r\n	</p>\r\n	<p style=\"text-indent:2em;font-size:16px;color:#666666;font-family:&quot;background-color:#FFFFFF;\">\r\n		1、征收土地以转移土地所有权为条件，也就是说集体所有变成国有。征用土地则以暂时转移土地使用权为条件，土地的所有权是不发生变化，仍然为集体所有。\r\n	</p>\r\n	<p style=\"text-indent:2em;font-size:16px;color:#666666;font-family:&quot;background-color:#FFFFFF;\">\r\n		2、补偿的项目不一致。征收土地除了土地补偿、青苗和地面的附着物补偿之外，还包括被征地农民的安置补助费用。征用土地只是补偿原土地使用者在征用时期内不能从事农业生产的土地补偿和青苗以及地上附着物的补偿，并没有安置补助费用。\r\n	</p>\r\n	<p style=\"text-indent:2em;font-size:16px;color:#666666;font-family:&quot;background-color:#FFFFFF;\">\r\n		3、审批的权限不一样。征收土地的审批权集中在国务院和省级人民政府两级，而征用土地的审批权是县级以上的人民政府国土资源管理部门。\r\n	</p>\r\n	<p style=\"text-indent:2em;font-size:16px;color:#666666;font-family:&quot;background-color:#FFFFFF;\">\r\n		4、土地用途的性质不一样。征收土地主要是将被征土地变成施工建设用地，能够修建永久性的建筑物。土地征用主要是将土地用于临时性的施工建设场地、地质勘探、抢险救灾以及建设施工材料堆场等，不得修建永久性的建筑物，并在使用期满后要恢复土地的原状，交还给原土地使用者进行使用。\r\n	</p>\r\n	<p style=\"text-indent:2em;font-size:16px;color:#666666;font-family:&quot;background-color:#FFFFFF;\">\r\n		<span style=\"color:#E74C3C;\">二、国有土地和集体土地征收的区别？</span>\r\n	</p>\r\n	<p style=\"text-indent:2em;font-size:16px;color:#666666;font-family:&quot;background-color:#FFFFFF;\">\r\n		1、集体土地上的房屋征收依照《土地管理法》及将要实施的规定条例，具体的实施细则。而国有土地征收依据是《国有土地上房屋征收与补偿条例》，及其各地方关于实施《国有土地上房屋征收与补偿条例》一些详细的规定。\r\n	</p>\r\n	<p style=\"text-indent:2em;font-size:16px;color:#666666;font-family:&quot;background-color:#FFFFFF;\">\r\n		2、集体土地和国有土地征收的补偿标准不同。国有土地上房屋征收补偿采用的是由评估机构按市场价来进行评估，按照类似房地产的市场价来进行评估。而集体土地征收可以是分配宅基地给予重置成本进行补偿。如果是城中村改造的，有些地方也是参照国有土地上房屋征收的补偿来进行，参照国有土地房屋征收来进行补偿。\r\n	</p>\r\n	<p style=\"text-indent:2em;font-size:16px;color:#666666;font-family:&quot;background-color:#FFFFFF;\">\r\n		3、两者征收的流程不同。在集体土地上房屋征收，如果大多数村民对补偿标准不满意的，征收决定可能就会存在很难以通过审批，这样不仅可以拒绝过低的补偿，一定程度上还能够拒绝征收。国有土地上房屋征收则是由区县级主管部门来作出征收决定，实施征收带有强制性来实施征收。\r\n	</p>\r\n	<p style=\"text-indent:2em;font-size:16px;color:#666666;font-family:&quot;background-color:#FFFFFF;\">\r\n		以上就是小编整理关于集体土地征收和征用区别和国有土地和集体土地征收区别的内容，希望可以帮助到有需要的朋友。\r\n	</p>\r\n</p>','朝阳区','20210204/1612419925704.jpg','北京市','岳西县人民政府',2);
/*!40000 ALTER TABLE `zte_news` ENABLE KEYS */;
UNLOCK TABLES;

--
-- Table structure for table `zte_news_collect`
--

DROP TABLE IF EXISTS `zte_news_collect`;
/*!40101 SET @saved_cs_client     = @@character_set_client */;
/*!50503 SET character_set_client = utf8mb4 */;
CREATE TABLE `zte_news_collect` (
  `id` bigint NOT NULL AUTO_INCREMENT,
  `create_time` datetime NOT NULL,
  `update_time` datetime NOT NULL,
  `home_user_id` bigint DEFAULT NULL,
  `news_id` bigint DEFAULT NULL,
  PRIMARY KEY (`id`),
  KEY `FK30qlr2vkw64rbla2l4twnaa0f` (`home_user_id`),
  KEY `FKb9m591b3wag1oc28112jswidg` (`news_id`),
  CONSTRAINT `FK30qlr2vkw64rbla2l4twnaa0f` FOREIGN KEY (`home_user_id`) REFERENCES `zte_home_user` (`id`),
  CONSTRAINT `FKb9m591b3wag1oc28112jswidg` FOREIGN KEY (`news_id`) REFERENCES `zte_news` (`id`)
) ENGINE=InnoDB AUTO_INCREMENT=5 DEFAULT CHARSET=utf8mb3;
/*!40101 SET character_set_client = @saved_cs_client */;

--
-- Dumping data for table `zte_news_collect`
--

LOCK TABLES `zte_news_collect` WRITE;
/*!40000 ALTER TABLE `zte_news_collect` DISABLE KEYS */;
INSERT INTO `zte_news_collect` VALUES (1,'2021-03-05 14:16:40','2021-03-05 14:16:40',5,3),(3,'2021-03-05 14:16:53','2021-03-05 14:16:53',5,1);
/*!40000 ALTER TABLE `zte_news_collect` ENABLE KEYS */;
UNLOCK TABLES;

--
-- Table structure for table `zte_news_type`
--

DROP TABLE IF EXISTS `zte_news_type`;
/*!40101 SET @saved_cs_client     = @@character_set_client */;
/*!50503 SET character_set_client = utf8mb4 */;
CREATE TABLE `zte_news_type` (
  `id` bigint NOT NULL AUTO_INCREMENT,
  `create_time` datetime NOT NULL,
  `update_time` datetime NOT NULL,
  `name` varchar(18) NOT NULL,
  PRIMARY KEY (`id`),
  UNIQUE KEY `UK_q440qttltp3v27gaaxt02shvr` (`name`)
) ENGINE=InnoDB AUTO_INCREMENT=5 DEFAULT CHARSET=utf8mb3;
/*!40101 SET character_set_client = @saved_cs_client */;

--
-- Dumping data for table `zte_news_type`
--

LOCK TABLES `zte_news_type` WRITE;
/*!40000 ALTER TABLE `zte_news_type` DISABLE KEYS */;
INSERT INTO `zte_news_type` VALUES (1,'2021-02-04 14:20:31','2021-02-04 14:20:31','社会'),(2,'2021-02-04 14:20:37','2021-02-04 14:20:37','公益'),(3,'2021-02-04 14:20:49','2021-02-04 14:20:49','公众'),(4,'2021-02-04 14:20:54','2021-02-04 14:20:54','其他');
/*!40000 ALTER TABLE `zte_news_type` ENABLE KEYS */;
UNLOCK TABLES;

--
-- Table structure for table `zte_operater_log`
--

DROP TABLE IF EXISTS `zte_operater_log`;
/*!40101 SET @saved_cs_client     = @@character_set_client */;
/*!50503 SET character_set_client = utf8mb4 */;
CREATE TABLE `zte_operater_log` (
  `id` bigint NOT NULL AUTO_INCREMENT,
  `create_time` datetime NOT NULL,
  `update_time` datetime NOT NULL,
  `content` varchar(1024) NOT NULL,
  `operator` varchar(18) NOT NULL,
  PRIMARY KEY (`id`)
) ENGINE=InnoDB AUTO_INCREMENT=1100 DEFAULT CHARSET=utf8mb3;
/*!40101 SET character_set_client = @saved_cs_client */;

--
-- Dumping data for table `zte_operater_log`
--

LOCK TABLES `zte_operater_log` WRITE;
/*!40000 ALTER TABLE `zte_operater_log` DISABLE KEYS */;
INSERT INTO `zte_operater_log` VALUES (172,'2020-03-22 14:49:22','2020-03-22 14:49:22','编辑角色【超级管理员】','中兴'),(173,'2020-03-22 14:58:14','2020-03-22 14:58:14','用户【中兴】于【2020-03-22 14:58:13】登录系统！','中兴'),(174,'2020-03-22 15:09:49','2020-03-22 15:09:49','用户【中兴】于【2020-03-22 15:09:49】登录系统！','中兴'),(175,'2020-03-22 15:11:09','2020-03-22 15:11:09','用户【中兴】于【2020-03-22 15:11:08】登录系统！','中兴'),(176,'2020-03-22 15:13:41','2020-03-22 15:13:41','编辑菜单信息【Menu [name=备份, parent=Menu [name=null, parent=null, url=null, icon=null, sort=0, isButton=false, isShow=true], url=add(\'/database_bak/add\'), icon=mdi-database-plus, sort=17, isButton=true, isShow=true]】','中兴'),(177,'2020-03-22 16:16:31','2020-03-22 16:16:31','用户【中兴】于【2020-03-22 16:16:31】登录系统！','中兴'),(178,'2020-03-22 16:31:23','2020-03-22 16:31:23','用户【中兴】于【2020-03-22 16:31:23】登录系统！','中兴'),(179,'2020-03-22 16:56:25','2020-03-22 16:56:25','用户【中兴】于【2020-03-22 16:56:25】登录系统！','中兴'),(180,'2020-03-22 17:00:42','2020-03-22 17:00:42','用户【中兴】于【2020-03-22 17:00:42】登录系统！','中兴'),(181,'2020-03-22 17:13:01','2020-03-22 17:13:01','数据库成功备份，备份文件信息：DatabaseBak [filename=db_boot_base_20200322.sql, filepath=D:/workspace_devloper/baseproject/base/src/main/resources/backup/]','中兴'),(182,'2020-03-22 17:15:04','2020-03-22 17:15:04','数据库成功备份，备份文件信息：DatabaseBak [filename=db_boot_base_20200322171504.sql, filepath=D:/workspace_devloper/baseproject/base/src/main/resources/backup/]','中兴'),(183,'2020-03-22 17:15:14','2020-03-22 17:15:14','数据库成功备份，备份文件信息：DatabaseBak [filename=db_boot_base_20200322171514.sql, filepath=D:/workspace_devloper/baseproject/base/src/main/resources/backup/]','中兴'),(184,'2020-03-22 17:21:02','2020-03-22 17:21:02','用户【中兴】于【2020-03-22 17:21:02】登录系统！','中兴'),(185,'2020-03-22 17:21:15','2020-03-22 17:21:15','添加角色【dsadsasadsa】','中兴'),(186,'2020-03-22 18:09:55','2020-03-22 18:09:55','数据库成功备份，备份文件信息：DatabaseBak [filename=db_boot_base_20200322180955.sql, filepath=D:/workspace_devloper/baseproject/base/src/main/resources/backup/]','中兴'),(187,'2020-03-22 18:59:16','2020-03-22 18:59:16','数据库成功备份，备份文件信息：DatabaseBak [filename=db_boot_base_20200322185916.sql, filepath=D:/workspace_devloper/baseproject/base/src/main/resources/backup/]','中兴'),(188,'2020-03-22 18:59:41','2020-03-22 18:59:41','数据库成功还原，还原文件信息：DatabaseBak [filename=db_boot_base_20200322180955.sql, filepath=D:/workspace_devloper/baseproject/base/src/main/resources/backup/]','中兴'),(189,'2020-03-22 19:12:03','2020-03-22 19:12:03','数据库成功备份，备份文件信息：DatabaseBak [filename=db_boot_base_20200322191203.sql, filepath=D:/workspace_devloper/baseproject/base/src/main/resources/backup/]','中兴'),(190,'2020-03-22 19:12:59','2020-03-22 19:12:59','数据库成功还原，还原文件信息：DatabaseBak [filename=db_boot_base_20200322191203.sql, filepath=D:/workspace_devloper/baseproject/base/src/main/resources/backup/]','中兴'),(191,'2020-03-22 19:35:07','2020-03-22 19:35:07','用户【中兴】于【2020-03-22 19:35:07】登录系统！','中兴'),(192,'2020-03-22 19:35:21','2020-03-22 19:35:21','数据库成功备份，备份文件信息：DatabaseBak [filename=db_boot_base_20200322193521.sql, filepath=D:/workspace_devloper/baseproject/base/src/main/resources/backup/]','中兴'),(193,'2020-03-22 19:36:20','2020-03-22 19:36:20','添加菜单信息【Menu [name=还原, parent=Menu [name=null, parent=null, url=null, icon=null, sort=0, isButton=false, isShow=true], url=restore(\'/database_bak/restore\'), icon=mdi-database-minus, sort=19, isButton=true, isShow=true]】','中兴'),(194,'2020-03-22 19:36:34','2020-03-22 19:36:34','编辑角色【超级管理员】','中兴'),(195,'2020-03-22 19:36:47','2020-03-22 19:36:47','数据库成功备份，备份文件信息：DatabaseBak [filename=db_boot_base_20200322193647.sql, filepath=D:/workspace_devloper/baseproject/base/src/main/resources/backup/]','中兴'),(196,'2020-03-22 19:37:21','2020-03-22 19:37:21','数据库成功还原，还原文件信息：DatabaseBak [filename=db_boot_base_20200322193647.sql, filepath=D:/workspace_devloper/baseproject/base/src/main/resources/backup/]','中兴'),(197,'2020-03-22 19:37:54','2020-03-22 19:37:54','数据库成功备份，备份文件信息：DatabaseBak [filename=db_boot_base_20200322193754.sql, filepath=D:/workspace_devloper/baseproject/base/src/main/resources/backup/]','中兴'),(198,'2020-03-22 19:38:15','2020-03-22 19:38:15','数据库成功还原，还原文件信息：DatabaseBak [filename=db_boot_base_20200322193754.sql, filepath=D:/workspace_devloper/baseproject/base/src/main/resources/backup/]','中兴'),(199,'2020-03-22 19:43:34','2020-03-22 19:43:34','数据库成功备份，备份文件信息：DatabaseBak [filename=db_boot_base_20200322194334.sql, filepath=D:/workspace_devloper/baseproject/base/src/main/resources/backup/]','未知(获取登录用户失败)'),(200,'2020-03-22 19:43:39','2020-03-22 19:43:39','数据库成功备份，备份文件信息：DatabaseBak [filename=db_boot_base_20200322194339.sql, filepath=D:/workspace_devloper/baseproject/base/src/main/resources/backup/]','未知(获取登录用户失败)'),(201,'2020-03-22 19:43:44','2020-03-22 19:43:44','数据库成功备份，备份文件信息：DatabaseBak [filename=db_boot_base_20200322194344.sql, filepath=D:/workspace_devloper/baseproject/base/src/main/resources/backup/]','未知(获取登录用户失败)'),(202,'2020-03-22 19:43:49','2020-03-22 19:43:49','数据库成功备份，备份文件信息：DatabaseBak [filename=db_boot_base_20200322194349.sql, filepath=D:/workspace_devloper/baseproject/base/src/main/resources/backup/]','未知(获取登录用户失败)'),(203,'2020-03-22 19:43:52','2020-03-22 19:43:52','用户【中兴】于【2020-03-22 19:43:52】登录系统！','中兴'),(204,'2020-03-22 19:43:54','2020-03-22 19:43:54','数据库成功备份，备份文件信息：DatabaseBak [filename=db_boot_base_20200322194354.sql, filepath=D:/workspace_devloper/baseproject/base/src/main/resources/backup/]','未知(获取登录用户失败)'),(205,'2020-03-22 19:43:59','2020-03-22 19:43:59','数据库成功备份，备份文件信息：DatabaseBak [filename=db_boot_base_20200322194359.sql, filepath=D:/workspace_devloper/baseproject/base/src/main/resources/backup/]','未知(获取登录用户失败)'),(206,'2020-03-22 19:44:04','2020-03-22 19:44:04','数据库成功备份，备份文件信息：DatabaseBak [filename=db_boot_base_20200322194404.sql, filepath=D:/workspace_devloper/baseproject/base/src/main/resources/backup/]','未知(获取登录用户失败)'),(207,'2020-03-22 19:44:09','2020-03-22 19:44:09','数据库成功备份，备份文件信息：DatabaseBak [filename=db_boot_base_20200322194409.sql, filepath=D:/workspace_devloper/baseproject/base/src/main/resources/backup/]','未知(获取登录用户失败)'),(208,'2020-03-22 19:44:14','2020-03-22 19:44:14','数据库成功备份，备份文件信息：DatabaseBak [filename=db_boot_base_20200322194414.sql, filepath=D:/workspace_devloper/baseproject/base/src/main/resources/backup/]','未知(获取登录用户失败)'),(209,'2020-03-22 19:44:19','2020-03-22 19:44:19','数据库成功备份，备份文件信息：DatabaseBak [filename=db_boot_base_20200322194419.sql, filepath=D:/workspace_devloper/baseproject/base/src/main/resources/backup/]','未知(获取登录用户失败)'),(210,'2020-03-22 19:44:24','2020-03-22 19:44:24','数据库成功备份，备份文件信息：DatabaseBak [filename=db_boot_base_20200322194424.sql, filepath=D:/workspace_devloper/baseproject/base/src/main/resources/backup/]','未知(获取登录用户失败)'),(211,'2020-03-22 19:44:29','2020-03-22 19:44:29','数据库成功备份，备份文件信息：DatabaseBak [filename=db_boot_base_20200322194429.sql, filepath=D:/workspace_devloper/baseproject/base/src/main/resources/backup/]','未知(获取登录用户失败)'),(212,'2020-03-22 19:44:34','2020-03-22 19:44:34','数据库成功备份，备份文件信息：DatabaseBak [filename=db_boot_base_20200322194434.sql, filepath=D:/workspace_devloper/baseproject/base/src/main/resources/backup/]','未知(获取登录用户失败)'),(213,'2020-03-22 19:44:39','2020-03-22 19:44:39','数据库成功备份，备份文件信息：DatabaseBak [filename=db_boot_base_20200322194439.sql, filepath=D:/workspace_devloper/baseproject/base/src/main/resources/backup/]','未知(获取登录用户失败)'),(214,'2020-03-22 21:11:19','2020-03-22 21:11:19','用户【中兴】于【2020-03-22 21:11:19】登录系统！','中兴'),(215,'2020-03-22 21:18:12','2020-03-22 21:18:12','用户【中兴】于【2020-03-22 21:18:11】登录系统！','中兴'),(216,'2020-03-22 21:36:47','2020-03-22 21:36:47','用户【中兴】于【2020-03-22 21:36:47】登录系统！','中兴'),(217,'2020-03-22 21:43:51','2020-03-22 21:43:51','用户【中兴】于【2020-03-22 21:43:51】登录系统！','中兴'),(218,'2020-03-23 17:41:23','2020-03-23 17:41:23','用户【中兴】于【2020-03-23 17:41:23】登录系统！','中兴'),(219,'2020-03-23 17:41:49','2020-03-23 17:41:49','添加菜单信息【Menu [name=sdadsa递四方速递, parent=null, url=https://www.yuanlrc.com/, icon=mdi-alarm-snooze, sort=0, isButton=false, isShow=true]】','中兴'),(220,'2020-03-23 17:42:02','2020-03-23 17:42:02','编辑菜单信息【Menu [name=sdadsa递四方速递, parent=Menu [name=null, parent=null, url=null, icon=null, sort=0, isButton=false, isShow=true], url=https://www.yuanlrc.com/, icon=mdi-alarm-snooze, sort=3, isButton=false, isShow=false]】','中兴'),(221,'2020-03-23 17:42:09','2020-03-23 17:42:09','删除菜单信息，菜单ID【27】','中兴'),(222,'2020-03-23 17:42:32','2020-03-23 17:42:32','编辑角色【sdfds水电费多少】','中兴'),(223,'2020-03-23 17:42:45','2020-03-23 17:42:45','编辑角色【sdfds水电费多少】','中兴'),(224,'2020-03-23 17:42:56','2020-03-23 17:42:56','删除角色ID【7】','中兴'),(225,'2020-03-23 17:43:16','2020-03-23 17:43:16','添加角色【撒旦撒】','中兴'),(226,'2020-03-23 17:43:29','2020-03-23 17:43:29','删除角色ID【8】','中兴'),(227,'2020-03-23 17:44:11','2020-03-23 17:44:11','添加用户，用户名：打撒大撒','中兴'),(228,'2020-03-23 17:44:29','2020-03-23 17:44:29','编辑用户，用户名：打撒大撒22','中兴'),(229,'2020-03-23 17:44:37','2020-03-23 17:44:37','添加用户，用户ID：6','中兴'),(230,'2020-03-23 17:44:55','2020-03-23 17:44:55','添加用户，用户ID：4','中兴'),(231,'2020-03-23 17:45:47','2020-03-23 17:45:47','编辑用户，用户名：小刘同志','中兴'),(232,'2020-03-23 17:46:49','2020-03-23 17:46:49','数据库成功备份，备份文件信息：DatabaseBak [filename=db_boot_base_20200323174649.sql, filepath=D:/workspace_devloper/baseproject/base/src/main/resources/backup/]','中兴'),(233,'2020-03-23 17:47:16','2020-03-23 17:47:16','数据库成功还原，还原文件信息：DatabaseBak [filename=db_boot_base_20200323174649.sql, filepath=D:/workspace_devloper/baseproject/base/src/main/resources/backup/]','中兴'),(234,'2020-03-23 17:48:15','2020-03-23 17:48:15','用户【测试账号】于【2020-03-23 17:48:15】登录系统！','测试账号'),(235,'2020-03-23 17:49:00','2020-03-23 17:49:00','编辑角色【测试角色】','测试账号'),(236,'2020-03-23 17:49:50','2020-03-23 17:49:50','用户【中兴】于【2020-03-23 17:49:50】登录系统！','中兴'),(237,'2020-03-23 17:50:03','2020-03-23 17:50:03','编辑用户，用户名：小刘同志','中兴'),(238,'2020-03-23 17:50:19','2020-03-23 17:50:19','编辑用户，用户名：小刘同志','中兴'),(239,'2020-03-23 17:50:56','2020-03-23 17:50:56','用户【中兴】于【2020-03-23 17:50:56】登录系统！','中兴'),(240,'2020-10-26 09:24:07','2020-10-26 09:24:07','用户【中兴】于【2020-10-26 09:24:07】登录系统！','中兴'),(241,'2020-10-26 11:30:34','2020-10-26 11:30:34','用户【中兴】于【2020-10-26 11:30:34】登录系统！','中兴'),(242,'2021-01-21 15:09:00','2021-01-21 15:09:00','用户【中兴】于【2021-01-21 15:09:00】登录系统！','中兴'),(243,'2021-01-21 15:11:13','2021-01-21 15:11:13','用户【中兴】于【2021-01-21 15:11:13】登录系统！','中兴'),(244,'2021-01-21 15:11:59','2021-01-21 15:11:59','用户【中兴】于【2021-01-21 15:11:59】登录系统！','中兴'),(245,'2021-01-25 19:23:13','2021-01-25 19:23:13','用户【中兴】于【2021-01-25 19:23:13】登录系统！','中兴'),(246,'2021-01-26 10:05:08','2021-01-26 10:05:08','用户【中兴】于【2021-01-26 10:05:08】登录系统！','中兴'),(247,'2021-01-26 10:05:44','2021-01-26 10:05:44','添加角色【企业】','中兴'),(248,'2021-01-26 10:09:46','2021-01-26 10:09:46','用户【中兴】于【2021-01-26 10:09:46】登录系统！','中兴'),(249,'2021-01-26 10:41:41','2021-01-26 10:41:41','用户【中兴】于【2021-01-26 10:41:41】登录系统！','中兴'),(250,'2021-01-26 10:42:44','2021-01-26 10:42:44','用户【中兴】于【2021-01-26 10:42:44】登录系统！','中兴'),(251,'2021-01-26 10:44:19','2021-01-26 10:44:19','用户【中兴】于【2021-01-26 10:44:19】登录系统！','中兴'),(252,'2021-01-26 10:45:12','2021-01-26 10:45:12','添加菜单信息【Menu [name=标类型管理, parent=null, url=, icon=mdi-arrange-send-to-back, sort=0, isButton=false, isShow=true]】','中兴'),(253,'2021-01-26 10:45:19','2021-01-26 10:45:19','编辑菜单信息【Menu [name=标类型管理, parent=null, url=, icon=mdi-arrange-send-to-back, sort=20, isButton=false, isShow=true]】','中兴'),(254,'2021-01-26 10:45:55','2021-01-26 10:45:55','编辑菜单信息【Menu [name=竞拍管理, parent=null, url=, icon=mdi-arrange-send-to-back, sort=20, isButton=false, isShow=true]】','中兴'),(255,'2021-01-26 10:47:48','2021-01-26 10:47:48','机构【钟锐】于【2021-01-26 10:47:48】登录系统！','未知(获取登录用户失败)'),(256,'2021-01-26 10:48:13','2021-01-26 10:48:13','添加菜单信息【Menu [name=标类型列表, parent=Menu [name=null, parent=null, url=null, icon=null, sort=0, isButton=false, isShow=true], url=/admin/label_type/list, icon=mdi-google-circles-communities, sort=21, isButton=false, isShow=true]】','中兴'),(257,'2021-01-26 10:48:25','2021-01-26 10:48:25','用户【中兴】于【2021-01-26 10:48:25】登录系统！','中兴'),(258,'2021-01-26 10:49:22','2021-01-26 10:49:22','添加菜单信息【Menu [name=添加, parent=Menu [name=null, parent=null, url=null, icon=null, sort=0, isButton=false, isShow=true], url=/admin/label_type/add, icon=mdi-plus, sort=21, isButton=false, isShow=true]】','中兴'),(259,'2021-01-26 10:49:29','2021-01-26 10:49:29','添加菜单信息【Menu [name=机构管理, parent=null, url=, icon=mdi-widgets, sort=22, isButton=false, isShow=true]】','中兴'),(260,'2021-01-26 10:49:45','2021-01-26 10:49:45','编辑角色【企业】','中兴'),(261,'2021-01-26 10:50:02','2021-01-26 10:50:02','添加菜单信息【Menu [name=编辑, parent=Menu [name=null, parent=null, url=null, icon=null, sort=0, isButton=false, isShow=true], url=, icon=mdi-minus, sort=22, isButton=true, isShow=true]】','中兴'),(262,'2021-01-26 10:49:58','2021-01-26 10:49:58','机构【钟锐】于【2021-01-26 10:49:58】登录系统！','未知(获取登录用户失败)'),(263,'2021-01-26 10:51:20','2021-01-26 10:51:20','添加菜单信息【Menu [name=删除, parent=Menu [name=null, parent=null, url=null, icon=null, sort=0, isButton=false, isShow=true], url=del(\'/admin/label_type/delete\'), icon=mdi-close, sort=23, isButton=true, isShow=true]】','中兴'),(264,'2021-01-26 10:51:44','2021-01-26 10:51:44','编辑菜单信息【Menu [name=编辑, parent=Menu [name=null, parent=null, url=null, icon=null, sort=0, isButton=false, isShow=true], url=edit(\'/admin/label_type/edit\'), icon=mdi-minus, sort=22, isButton=true, isShow=true]】','中兴'),(265,'2021-01-26 10:55:39','2021-01-26 10:55:39','机构【钟锐】于【2021-01-26 10:55:39】登录系统！','未知(获取登录用户失败)'),(266,'2021-01-26 10:56:27','2021-01-26 10:56:27','用户【中兴】于【2021-01-26 10:56:27】登录系统！','中兴'),(267,'2021-01-26 10:56:37','2021-01-26 10:56:37','机构【钟锐】于【2021-01-26 10:56:37】登录系统！','未知(获取登录用户失败)'),(268,'2021-01-26 11:13:34','2021-01-26 11:13:34','用户【中兴】于【2021-01-26 11:13:34】登录系统！','中兴'),(269,'2021-01-26 11:13:48','2021-01-26 11:13:48','编辑角色【超级管理员】','中兴'),(270,'2021-01-26 11:13:57','2021-01-26 11:13:57','用户【中兴】于【2021-01-26 11:13:57】登录系统！','中兴'),(271,'2021-01-26 11:19:35','2021-01-26 11:19:35','用户【中兴】于【2021-01-26 11:19:35】登录系统！','中兴'),(272,'2021-01-26 11:29:57','2021-01-26 11:29:57','用户【中兴】于【2021-01-26 11:29:57】登录系统！','中兴'),(273,'2021-01-26 11:35:22','2021-01-26 11:35:22','用户【中兴】于【2021-01-26 11:35:22】登录系统！','中兴'),(274,'2021-01-26 11:36:05','2021-01-26 11:36:05','用户【中兴】于【2021-01-26 11:36:05】登录系统！','中兴'),(275,'2021-01-26 13:07:10','2021-01-26 13:07:10','用户【中兴】于【2021-01-26 13:07:10】登录系统！','中兴'),(276,'2021-01-26 13:08:08','2021-01-26 13:08:08','编辑菜单信息【Menu [name=机构管理, parent=null, url=, icon=mdi-widgets, sort=25, isButton=false, isShow=true]】','中兴'),(277,'2021-01-26 13:08:17','2021-01-26 13:08:17','编辑菜单信息【Menu [name=添加, parent=Menu [name=null, parent=null, url=null, icon=null, sort=0, isButton=false, isShow=true], url=/admin/label_type/add, icon=mdi-plus, sort=22, isButton=false, isShow=true]】','中兴'),(278,'2021-01-26 13:09:06','2021-01-26 13:09:06','添加菜单信息【Menu [name=前台用户管理, parent=null, url=, icon=mdi-account-multiple, sort=26, isButton=false, isShow=true]】','中兴'),(279,'2021-01-26 13:09:48','2021-01-26 13:09:48','添加菜单信息【Menu [name=前台用户列表, parent=Menu [name=null, parent=null, url=null, icon=null, sort=0, isButton=false, isShow=true], url=/admin/homeUser/list, icon=mdi-account, sort=27, isButton=false, isShow=true]】','中兴'),(280,'2021-01-26 13:10:42','2021-01-26 13:10:42','添加菜单信息【Menu [name=编辑, parent=Menu [name=null, parent=null, url=null, icon=null, sort=0, isButton=false, isShow=true], url=edit(\'/admin/homeUser/edit\'), icon=mdi-account-settings-variant, sort=28, isButton=true, isShow=true]】','中兴'),(281,'2021-01-26 13:11:05','2021-01-26 13:11:05','编辑角色【超级管理员】','中兴'),(282,'2021-01-26 13:11:54','2021-01-26 13:11:54','用户【中兴】于【2021-01-26 13:11:54】登录系统！','中兴'),(283,'2021-01-26 13:12:09','2021-01-26 13:12:09','编辑菜单信息【Menu [name=编辑, parent=Menu [name=null, parent=null, url=null, icon=null, sort=0, isButton=false, isShow=true], url=edit(\'/admin/homeUser/edit\'), icon=mdi-account-settings-variant, sort=28, isButton=true, isShow=true]】','中兴'),(284,'2021-01-26 13:12:25','2021-01-26 13:12:25','用户【中兴】于【2021-01-26 13:12:25】登录系统！','中兴'),(285,'2021-01-26 13:56:36','2021-01-26 13:56:36','用户【中兴】于【2021-01-26 13:56:36】登录系统！','中兴'),(286,'2021-01-26 14:11:05','2021-01-26 14:11:05','用户【中兴】于【2021-01-26 14:11:05】登录系统！','中兴'),(287,'2021-01-26 14:11:07','2021-01-26 14:11:07','用户【中兴】于【2021-01-26 14:11:05】登录系统！','中兴'),(288,'2021-01-26 14:11:28','2021-01-26 14:11:28','用户【中兴】于【2021-01-26 14:11:27】登录系统！','中兴'),(289,'2021-01-26 14:32:30','2021-01-26 14:32:30','用户【中兴】于【2021-01-26 14:32:30】登录系统！','中兴'),(290,'2021-01-26 14:32:41','2021-01-26 14:32:41','用户【中兴】于【2021-01-26 14:32:41】登录系统！','中兴'),(291,'2021-01-26 14:32:56','2021-01-26 14:32:56','编辑标的物类型，名称：住宅用房','中兴'),(292,'2021-01-26 14:33:59','2021-01-26 14:33:59','添加菜单信息【Menu [name=常见问题管理, parent=Menu [name=null, parent=null, url=null, icon=null, sort=0, isButton=false, isShow=true], url=/admin/common_problem/list, icon=mdi-lightbulb-on, sort=29, isButton=false, isShow=true]】','中兴'),(293,'2021-01-26 14:34:19','2021-01-26 14:34:19','编辑标的物类型，名称：住宅用房','中兴'),(294,'2021-01-26 14:34:22','2021-01-26 14:34:22','编辑标的物类型，名称：车','中兴'),(295,'2021-01-26 14:34:44','2021-01-26 14:34:44','添加菜单信息【Menu [name=添加, parent=Menu [name=null, parent=null, url=null, icon=null, sort=0, isButton=false, isShow=true], url=/admin/common_problem/add, icon=mdi-needle, sort=30, isButton=false, isShow=true]】','中兴'),(296,'2021-01-26 14:35:59','2021-01-26 14:35:59','编辑标的物类型，名称：机械设备','中兴'),(297,'2021-01-26 14:36:12','2021-01-26 14:36:12','添加菜单信息【Menu [name=编辑, parent=Menu [name=null, parent=null, url=null, icon=null, sort=0, isButton=false, isShow=true], url=edit(\'/admin/common_problem/edit\'), icon=mdi-pencil, sort=31, isButton=true, isShow=true]】','中兴'),(298,'2021-01-26 14:36:26','2021-01-26 14:36:26','编辑标的物类型，名称：车','中兴'),(299,'2021-01-26 14:36:29','2021-01-26 14:36:29','编辑标的物类型，名称：车','中兴'),(300,'2021-01-26 14:36:51','2021-01-26 14:36:51','添加菜单信息【Menu [name=删除, parent=Menu [name=null, parent=null, url=null, icon=null, sort=0, isButton=false, isShow=true], url=del(\'/admin/common_problem/delete\'), icon=mdi-zip-box, sort=32, isButton=true, isShow=true]】','中兴'),(301,'2021-01-26 14:37:16','2021-01-26 14:37:16','编辑角色【企业】','中兴'),(302,'2021-01-26 14:38:04','2021-01-26 14:38:04','编辑角色【超级管理员】','中兴'),(303,'2021-01-26 14:38:33','2021-01-26 14:38:33','用户【中兴】于【2021-01-26 14:38:33】登录系统！','中兴'),(304,'2021-01-26 14:40:40','2021-01-26 14:40:40','删除标的物类型,物类型ID：10','中兴'),(305,'2021-01-26 14:47:09','2021-01-26 14:47:09','删除标的物类型,物类型ID：7','中兴'),(306,'2021-01-26 14:47:27','2021-01-26 14:47:27','删除标的物类型,物类型ID：12','中兴'),(307,'2021-01-26 14:48:16','2021-01-26 14:48:16','用户【中兴】于【2021-01-26 14:48:16】登录系统！','中兴'),(308,'2021-01-26 14:48:36','2021-01-26 14:48:36','删除标的物类型,物类型ID：13','中兴'),(309,'2021-01-26 14:50:23','2021-01-26 14:50:23','用户【中兴】于【2021-01-26 14:50:23】登录系统！','中兴'),(310,'2021-01-26 14:51:39','2021-01-26 14:51:39','用户【中兴】于【2021-01-26 14:51:39】登录系统！','中兴'),(311,'2021-01-26 14:52:18','2021-01-26 14:52:18','用户【中兴】于【2021-01-26 14:52:18】登录系统！','中兴'),(312,'2021-01-26 15:16:32','2021-01-26 15:16:32','用户【中兴】于【2021-01-26 15:16:32】登录系统！','中兴'),(313,'2021-01-26 15:17:36','2021-01-26 15:17:36','添加菜单信息【Menu [name=机构列表, parent=Menu [name=null, parent=null, url=null, icon=null, sort=0, isButton=false, isShow=true], url=/admin/organization/list, icon=mdi-chip, sort=33, isButton=false, isShow=true]】','中兴'),(314,'2021-01-26 15:18:13','2021-01-26 15:18:13','添加菜单信息【Menu [name=编辑, parent=Menu [name=null, parent=null, url=null, icon=null, sort=0, isButton=false, isShow=true], url=edit(\'/admin/organization/edit\'), icon=mdi-wrench, sort=34, isButton=true, isShow=true]】','中兴'),(315,'2021-01-26 15:19:11','2021-01-26 15:19:11','添加菜单信息【Menu [name=删除, parent=Menu [name=null, parent=null, url=null, icon=null, sort=0, isButton=false, isShow=true], url=del(\'/admin/organization/delete\'), icon=mdi-delete-empty, sort=35, isButton=true, isShow=true]】','中兴'),(316,'2021-01-26 15:19:33','2021-01-26 15:19:33','编辑角色【超级管理员】','中兴'),(317,'2021-01-26 15:19:50','2021-01-26 15:19:50','机构【钟锐】于【2021-01-26 15:19:50】登录系统！','未知(获取登录用户失败)'),(318,'2021-01-26 15:19:58','2021-01-26 15:19:58','用户【中兴】于【2021-01-26 15:19:58】登录系统！','中兴'),(319,'2021-01-26 15:40:15','2021-01-26 15:40:15','用户【中兴】于【2021-01-26 15:40:15】登录系统！','中兴'),(320,'2021-01-26 15:41:00','2021-01-26 15:41:00','用户【中兴】于【2021-01-26 15:41:00】登录系统！','中兴'),(321,'2021-01-26 17:07:45','2021-01-26 17:07:45','用户【中兴】于【2021-01-26 17:07:45】登录系统！','中兴'),(322,'2021-01-26 17:12:41','2021-01-26 17:12:41','添加菜单信息【Menu [name=竞拍列表, parent=Menu [name=null, parent=null, url=null, icon=null, sort=0, isButton=false, isShow=true], url=/admin/bidding/list, icon=mdi-gavel, sort=30, isButton=false, isShow=true]】','中兴'),(323,'2021-01-26 17:12:57','2021-01-26 17:12:57','编辑菜单信息【Menu [name=竞拍列表, parent=Menu [name=null, parent=null, url=null, icon=null, sort=0, isButton=false, isShow=true], url=/admin/bidding/list, icon=mdi-gavel, sort=36, isButton=false, isShow=true]】','中兴'),(324,'2021-01-26 17:15:08','2021-01-26 17:15:08','添加菜单信息【Menu [name=添加, parent=Menu [name=null, parent=null, url=null, icon=null, sort=0, isButton=false, isShow=true], url=/admin/bidding/add, icon=mdi-plus, sort=37, isButton=false, isShow=true]】','中兴'),(325,'2021-01-26 17:15:43','2021-01-26 17:15:43','编辑菜单信息【Menu [name=添加, parent=Menu [name=null, parent=null, url=null, icon=null, sort=0, isButton=false, isShow=true], url=/admin/bidding/add, icon=mdi-plus, sort=37, isButton=false, isShow=true]】','中兴'),(326,'2021-01-26 17:16:17','2021-01-26 17:16:17','添加菜单信息【Menu [name=编辑, parent=Menu [name=null, parent=null, url=null, icon=null, sort=0, isButton=false, isShow=true], url=edit(\'/admin/bidding/edit\'), icon=mdi-minus, sort=38, isButton=true, isShow=true]】','中兴'),(327,'2021-01-26 17:17:05','2021-01-26 17:17:05','添加菜单信息【Menu [name=删除, parent=Menu [name=null, parent=null, url=null, icon=null, sort=0, isButton=false, isShow=true], url=del(\'/admin/bidding/delete\'), icon=mdi-close, sort=39, isButton=true, isShow=true]】','中兴'),(328,'2021-01-26 17:40:52','2021-01-26 17:40:52','用户【中兴】于【2021-01-26 17:40:52】登录系统！','中兴'),(329,'2021-01-26 17:41:51','2021-01-26 17:41:51','编辑角色【超级管理员】','中兴'),(330,'2021-01-26 17:42:00','2021-01-26 17:42:00','用户【中兴】于【2021-01-26 17:42:00】登录系统！','中兴'),(331,'2021-01-26 17:47:06','2021-01-26 17:47:06','机构【钟锐】于【2021-01-26 17:47:06】登录系统！','未知(获取登录用户失败)'),(332,'2021-01-26 17:47:37','2021-01-26 17:47:37','用户【中兴】于【2021-01-26 17:47:37】登录系统！','中兴'),(333,'2021-01-26 17:47:51','2021-01-26 17:47:51','编辑角色【企业】','中兴'),(334,'2021-01-26 17:48:34','2021-01-26 17:48:34','添加菜单信息【Menu [name=我的信息, parent=null, url=, icon=mdi-bootstrap, sort=40, isButton=false, isShow=true]】','中兴'),(335,'2021-01-26 17:49:47','2021-01-26 17:49:47','添加菜单信息【Menu [name=我的机构信息, parent=Menu [name=null, parent=null, url=null, icon=null, sort=0, isButton=false, isShow=true], url=/admin/organization/info, icon=mdi-worker, sort=41, isButton=false, isShow=true]】','中兴'),(336,'2021-01-26 17:50:03','2021-01-26 17:50:03','编辑角色【企业】','中兴'),(337,'2021-01-26 17:55:00','2021-01-26 17:55:00','用户【中兴】于【2021-01-26 17:55:00】登录系统！','中兴'),(338,'2021-01-26 17:55:19','2021-01-26 17:55:19','机构【钟锐】于【2021-01-26 17:55:19】登录系统！','未知(获取登录用户失败)'),(339,'2021-01-26 18:05:58','2021-01-26 18:05:58','用户【中兴】于【2021-01-26 18:05:57】登录系统！','中兴'),(340,'2021-01-26 18:26:03','2021-01-26 18:26:03','用户【中兴】于【2021-01-26 18:26:03】登录系统！','中兴'),(341,'2021-01-26 18:30:49','2021-01-26 18:30:49','机构【上海浦东新区中间交易所】于【2021-01-26 18:30:49】登录系统！','未知(获取登录用户失败)'),(342,'2021-01-26 18:51:01','2021-01-26 18:51:01','用户【中兴】于【2021-01-26 18:51:01】登录系统！','中兴'),(343,'2021-01-26 18:51:28','2021-01-26 18:51:28','机构【上海浦东新区中间交易所】于【2021-01-26 18:51:28】登录系统！','未知(获取登录用户失败)'),(344,'2021-01-26 18:51:44','2021-01-26 18:51:44','机构【上海浦东新区中间交易所】于【2021-01-26 18:51:44】登录系统！','未知(获取登录用户失败)'),(345,'2021-01-26 18:55:15','2021-01-26 18:55:15','机构【上海浦东新区中间交易所】于【2021-01-26 18:55:15】登录系统！','未知(获取登录用户失败)'),(346,'2021-01-26 19:12:31','2021-01-26 19:12:31','用户【中兴】于【2021-01-26 19:12:31】登录系统！','中兴'),(347,'2021-01-26 19:14:12','2021-01-26 19:14:12','用户【中兴】于【2021-01-26 19:14:12】登录系统！','中兴'),(348,'2021-01-26 19:17:43','2021-01-26 19:17:43','用户【中兴】于【2021-01-26 19:17:43】登录系统！','中兴'),(349,'2021-01-26 19:19:09','2021-01-26 19:19:09','机构【上海浦东新区中间交易所】于【2021-01-26 19:19:09】登录系统！','未知(获取登录用户失败)'),(350,'2021-01-26 19:24:44','2021-01-26 19:24:44','用户【中兴】于【2021-01-26 19:24:44】登录系统！','中兴'),(351,'2021-01-27 09:14:36','2021-01-27 09:14:36','用户【中兴】于【2021-01-27 09:14:36】登录系统！','中兴'),(352,'2021-01-27 09:31:54','2021-01-27 09:31:54','机构【上海浦东新区中间交易所】于【2021-01-27 09:31:54】登录系统！','未知(获取登录用户失败)'),(353,'2021-01-27 09:58:16','2021-01-27 09:58:16','用户【中兴】于【2021-01-27 09:58:16】登录系统！','中兴'),(354,'2021-01-27 10:55:00','2021-01-27 10:55:00','用户【中兴】于【2021-01-27 10:55:00】登录系统！','中兴'),(355,'2021-01-27 11:20:13','2021-01-27 11:20:13','用户【中兴】于【2021-01-27 11:20:13】登录系统！','中兴'),(356,'2021-01-27 11:24:58','2021-01-27 11:24:58','用户【中兴】于【2021-01-27 11:24:58】登录系统！','中兴'),(357,'2021-01-27 11:38:09','2021-01-27 11:38:09','用户【中兴】于【2021-01-27 11:38:09】登录系统！','中兴'),(358,'2021-01-27 13:28:33','2021-01-27 13:28:33','机构【上海浦东新区中间交易所】于【2021-01-27 13:28:33】登录系统！','未知(获取登录用户失败)'),(359,'2021-01-27 13:49:13','2021-01-27 13:49:13','用户【中兴】于【2021-01-27 13:49:13】登录系统！','中兴'),(360,'2021-01-27 14:42:20','2021-01-27 14:42:20','用户【中兴】于【2021-01-27 14:42:20】登录系统！','中兴'),(361,'2021-01-27 14:45:14','2021-01-27 14:45:14','用户【中兴】于【2021-01-27 14:45:14】登录系统！','中兴'),(362,'2021-01-27 14:46:03','2021-01-27 14:46:03','机构【添加	1810数媒】于【2021-01-27 14:46:03】登录系统！','未知(获取登录用户失败)'),(363,'2021-01-27 14:46:38','2021-01-27 14:46:38','机构【添加	1810数媒】于【2021-01-27 14:46:38】登录系统！','未知(获取登录用户失败)'),(364,'2021-01-27 14:51:28','2021-01-27 14:51:28','机构【添加	1810数媒】于【2021-01-27 14:51:28】登录系统！','未知(获取登录用户失败)'),(365,'2021-01-27 15:01:03','2021-01-27 15:01:03','用户【中兴】于【2021-01-27 15:01:03】登录系统！','中兴'),(366,'2021-01-27 15:03:05','2021-01-27 15:03:05','添加菜单信息【Menu [name=新闻通知管理, parent=null, url=, icon=mdi-image-area-close, sort=42, isButton=false, isShow=true]】','中兴'),(367,'2021-01-27 15:10:24','2021-01-27 15:10:24','用户【中兴】于【2021-01-27 15:10:24】登录系统！','中兴'),(368,'2021-01-27 15:20:17','2021-01-27 15:20:17','用户【中兴】于【2021-01-27 15:20:17】登录系统！','中兴'),(369,'2021-01-27 15:32:56','2021-01-27 15:32:56','机构【添加asdfasd】于【2021-01-27 15:32:56】登录系统！','未知(获取登录用户失败)'),(370,'2021-01-27 15:37:58','2021-01-27 15:37:58','用户【中兴】于【2021-01-27 15:37:58】登录系统！','中兴'),(371,'2021-01-27 15:43:24','2021-01-27 15:43:24','添加菜单信息【Menu [name=我的审核信息, parent=Menu [name=null, parent=null, url=null, icon=null, sort=0, isButton=false, isShow=true], url=/admin/organization/audit_list, icon=mdi-switch, sort=43, isButton=false, isShow=true]】','中兴'),(372,'2021-01-27 15:46:01','2021-01-27 15:46:01','添加菜单信息【Menu [name=编辑, parent=Menu [name=null, parent=null, url=null, icon=null, sort=0, isButton=false, isShow=true], url=edit(\'/admin/organization/audit_edit\'), icon=mdi-wrench, sort=44, isButton=false, isShow=true]】','中兴'),(373,'2021-01-27 15:46:14','2021-01-27 15:46:14','编辑菜单信息【Menu [name=编辑, parent=Menu [name=null, parent=null, url=null, icon=null, sort=0, isButton=false, isShow=true], url=edit(\'/admin/organization/audit_edit\'), icon=mdi-wrench, sort=44, isButton=true, isShow=true]】','中兴'),(374,'2021-01-27 15:48:40','2021-01-27 15:48:40','添加菜单信息【Menu [name=提交审核, parent=Menu [name=null, parent=null, url=null, icon=null, sort=0, isButton=false, isShow=true], url=submitAudit(\'/admin/clazz/submit_audit\'), icon=mdi-dumbbell, sort=44, isButton=true, isShow=true]】','中兴'),(375,'2021-01-27 15:48:47','2021-01-27 15:48:47','编辑角色【企业】','中兴'),(376,'2021-01-27 15:53:24','2021-01-27 15:53:24','机构【上海浦东新区中间交易所】于【2021-01-27 15:53:24】登录系统！','未知(获取登录用户失败)'),(377,'2021-01-27 15:55:46','2021-01-27 15:55:46','机构【上海浦东新区中间交易所】于【2021-01-27 15:55:46】登录系统！','未知(获取登录用户失败)'),(378,'2021-01-27 15:58:19','2021-01-27 15:58:19','用户【中兴】于【2021-01-27 15:58:19】登录系统！','中兴'),(379,'2021-01-27 15:58:42','2021-01-27 15:58:42','用户【中兴】于【2021-01-27 15:58:42】登录系统！','中兴'),(380,'2021-01-27 16:00:51','2021-01-27 16:00:51','编辑角色【超级管理员】','中兴'),(381,'2021-01-27 16:01:00','2021-01-27 16:01:00','编辑角色【企业】','中兴'),(382,'2021-01-27 16:01:52','2021-01-27 16:01:52','机构【上海浦东新区中间交易所】于【2021-01-27 16:01:52】登录系统！','未知(获取登录用户失败)'),(383,'2021-01-27 16:06:04','2021-01-27 16:06:04','用户【中兴】于【2021-01-27 16:06:04】登录系统！','中兴'),(384,'2021-01-27 16:07:56','2021-01-27 16:07:56','编辑菜单信息【Menu [name=编辑, parent=Menu [name=null, parent=null, url=null, icon=null, sort=0, isButton=false, isShow=true], url=auditEdit(\'/admin/organization/audit_edit\'), icon=mdi-wrench, sort=44, isButton=true, isShow=true]】','中兴'),(385,'2021-01-27 16:08:19','2021-01-27 16:08:19','用户【中兴】于【2021-01-27 16:08:19】登录系统！','中兴'),(386,'2021-01-27 16:08:33','2021-01-27 16:08:33','机构【上海浦东新区中间交易所】于【2021-01-27 16:08:33】登录系统！','未知(获取登录用户失败)'),(387,'2021-01-27 16:17:04','2021-01-27 16:17:04','用户【中兴】于【2021-01-27 16:17:04】登录系统！','中兴'),(388,'2021-01-27 16:17:16','2021-01-27 16:17:16','机构【上海浦东新区中间交易所】于【2021-01-27 16:17:16】登录系统！','未知(获取登录用户失败)'),(389,'2021-01-27 16:22:17','2021-01-27 16:22:17','机构【上海浦东新区中间交易所】于【2021-01-27 16:22:17】登录系统！','未知(获取登录用户失败)'),(390,'2021-01-27 16:31:55','2021-01-27 16:31:55','机构【上海浦东新区中间交易所】于【2021-01-27 16:31:55】登录系统！','未知(获取登录用户失败)'),(391,'2021-01-27 16:44:04','2021-01-27 16:44:04','机构【上海浦东新区中间交易所】于【2021-01-27 16:44:04】登录系统！','未知(获取登录用户失败)'),(392,'2021-01-27 16:49:59','2021-01-27 16:49:59','机构【上海浦东新区中间交易所】于【2021-01-27 16:49:59】登录系统！','未知(获取登录用户失败)'),(393,'2021-01-27 16:50:30','2021-01-27 16:50:30','机构【上海浦东新区中间交易所】于【2021-01-27 16:50:30】登录系统！','未知(获取登录用户失败)'),(394,'2021-01-27 17:15:28','2021-01-27 17:15:28','机构【上海浦东新区中间交易所】于【2021-01-27 17:15:28】登录系统！','未知(获取登录用户失败)'),(395,'2021-01-27 17:18:07','2021-01-27 17:18:07','用户【中兴】于【2021-01-27 17:18:07】登录系统！','中兴'),(396,'2021-01-27 17:21:52','2021-01-27 17:21:52','机构【上海浦东新区中间交易所】于【2021-01-27 17:21:52】登录系统！','未知(获取登录用户失败)'),(397,'2021-01-27 17:23:16','2021-01-27 17:23:16','机构【上海浦东新区中间交易所】于【2021-01-27 17:23:16】登录系统！','未知(获取登录用户失败)'),(398,'2021-01-27 17:23:55','2021-01-27 17:23:55','用户【中兴】于【2021-01-27 17:23:55】登录系统！','中兴'),(399,'2021-01-27 17:24:21','2021-01-27 17:24:21','编辑菜单信息【Menu [name=提交审核, parent=Menu [name=null, parent=null, url=null, icon=null, sort=0, isButton=false, isShow=true], url=submitAudit(\'/admin/organization/submit_audit\'), icon=mdi-dumbbell, sort=44, isButton=true, isShow=true]】','中兴'),(400,'2021-01-27 17:24:35','2021-01-27 17:24:35','机构【上海浦东新区中间交易所】于【2021-01-27 17:24:35】登录系统！','未知(获取登录用户失败)'),(401,'2021-01-27 17:27:42','2021-01-27 17:27:42','机构【上海浦东新区中间交易所】于【2021-01-27 17:27:42】登录系统！','未知(获取登录用户失败)'),(402,'2021-01-27 17:31:54','2021-01-27 17:31:54','用户【中兴】于【2021-01-27 17:31:54】登录系统！','中兴'),(403,'2021-01-27 17:32:13','2021-01-27 17:32:13','编辑菜单信息【Menu [name=提交审核, parent=Menu [name=null, parent=null, url=null, icon=null, sort=0, isButton=false, isShow=true], url=submitAudit(\'/admin/organization/submit_audit\'), icon=mdi-dumbbell, sort=45, isButton=true, isShow=true]】','中兴'),(404,'2021-01-27 17:38:56','2021-01-27 17:38:56','用户【中兴】于【2021-01-27 17:38:56】登录系统！','中兴'),(405,'2021-01-27 17:39:13','2021-01-27 17:39:13','机构【上海浦东新区中间交易所】于【2021-01-27 17:39:13】登录系统！','未知(获取登录用户失败)'),(406,'2021-01-27 17:41:23','2021-01-27 17:41:23','机构【上海浦东新区中间交易所】于【2021-01-27 17:41:23】登录系统！','未知(获取登录用户失败)'),(407,'2021-01-27 17:41:41','2021-01-27 17:41:41','编辑竞拍，标题名称：万国-飞行员-自动机械-精钢-男表','未知(获取登录用户失败)'),(408,'2021-01-27 17:51:13','2021-01-27 17:51:13','机构【上海浦东新区中间交易所】于【2021-01-27 17:51:13】登录系统！','未知(获取登录用户失败)'),(409,'2021-01-27 17:52:18','2021-01-27 17:52:18','用户【中兴】于【2021-01-27 17:52:18】登录系统！','中兴'),(410,'2021-01-27 17:52:31','2021-01-27 17:52:31','编辑竞拍，标题名称：万国-飞行员-自动机械-精钢-男表','未知(获取登录用户失败)'),(411,'2021-01-27 17:52:45','2021-01-27 17:52:45','编辑竞拍，标题名称：万国-飞行员-自动机械-精钢-男表','未知(获取登录用户失败)'),(412,'2021-01-27 17:53:21','2021-01-27 17:53:21','编辑竞拍，标题名称：万国-飞行员-自动机械-精钢-男表','未知(获取登录用户失败)'),(413,'2021-01-27 17:53:38','2021-01-27 17:53:38','添加菜单信息【Menu [name=审核, parent=Menu [name=null, parent=null, url=null, icon=null, sort=0, isButton=false, isShow=true], url=/admin/organization/approval, icon=mdi-comment-processing-outline, sort=46, isButton=false, isShow=false]】','中兴'),(414,'2021-01-27 17:53:51','2021-01-27 17:53:51','编辑角色【超级管理员】','中兴'),(415,'2021-01-27 17:54:02','2021-01-27 17:54:02','用户【中兴】于【2021-01-27 17:54:02】登录系统！','中兴'),(416,'2021-01-27 17:54:31','2021-01-27 17:54:31','机构【上海浦东新区中间交易所】于【2021-01-27 17:54:31】登录系统！','未知(获取登录用户失败)'),(417,'2021-01-27 17:54:54','2021-01-27 17:54:54','用户【中兴】于【2021-01-27 17:54:54】登录系统！','中兴'),(418,'2021-01-27 17:56:40','2021-01-27 17:56:40','机构【上海浦东新区中间交易所】于【2021-01-27 17:56:40】登录系统！','未知(获取登录用户失败)'),(419,'2021-01-27 17:57:31','2021-01-27 17:57:31','用户【中兴】于【2021-01-27 17:57:31】登录系统！','中兴'),(420,'2021-01-27 17:58:39','2021-01-27 17:58:39','机构【上海浦东新区中间交易所】于【2021-01-27 17:58:39】登录系统！','未知(获取登录用户失败)'),(421,'2021-01-27 18:01:58','2021-01-27 18:01:58','机构【上海浦东新区中间交易所】于【2021-01-27 18:01:58】登录系统！','未知(获取登录用户失败)'),(422,'2021-01-27 18:04:56','2021-01-27 18:04:56','机构【上海浦东新区中间交易所】于【2021-01-27 18:04:56】登录系统！','未知(获取登录用户失败)'),(423,'2021-01-27 18:05:16','2021-01-27 18:05:16','用户【中兴】于【2021-01-27 18:05:16】登录系统！','中兴'),(424,'2021-01-27 18:05:41','2021-01-27 18:05:41','机构【上海浦东新区中间交易所】于【2021-01-27 18:05:41】登录系统！','未知(获取登录用户失败)'),(425,'2021-01-27 18:10:22','2021-01-27 18:10:22','机构【上海浦东新区中间交易所】于【2021-01-27 18:10:22】登录系统！','未知(获取登录用户失败)'),(426,'2021-01-27 18:12:10','2021-01-27 18:12:10','添加竞拍，标题名称：丰田雷凌','未知(获取登录用户失败)'),(427,'2021-01-27 18:13:42','2021-01-27 18:13:42','机构【上海浦东新区中间交易所】于【2021-01-27 18:13:42】登录系统！','未知(获取登录用户失败)'),(428,'2021-01-27 18:14:01','2021-01-27 18:14:01','用户【中兴】于【2021-01-27 18:14:01】登录系统！','中兴'),(429,'2021-01-27 18:14:15','2021-01-27 18:14:15','编辑竞拍，标题名称：丰田雷凌','未知(获取登录用户失败)'),(430,'2021-01-27 18:14:28','2021-01-27 18:14:28','机构【上海浦东新区中间交易所】于【2021-01-27 18:14:28】登录系统！','未知(获取登录用户失败)'),(431,'2021-01-27 18:15:16','2021-01-27 18:15:16','机构【上海浦东新区中间交易所】于【2021-01-27 18:15:16】登录系统！','未知(获取登录用户失败)'),(432,'2021-01-27 18:15:22','2021-01-27 18:15:22','编辑竞拍，标题名称：丰田雷凌','未知(获取登录用户失败)'),(433,'2021-01-27 18:19:15','2021-01-27 18:19:15','机构【上海浦东新区中间交易所】于【2021-01-27 18:19:15】登录系统！','未知(获取登录用户失败)'),(434,'2021-01-27 18:25:44','2021-01-27 18:25:44','机构【上海浦东新区中间交易所】于【2021-01-27 18:25:44】登录系统！','未知(获取登录用户失败)'),(435,'2021-01-27 18:26:09','2021-01-27 18:26:09','用户【中兴】于【2021-01-27 18:26:09】登录系统！','中兴'),(436,'2021-01-27 18:26:25','2021-01-27 18:26:25','编辑角色【超级管理员】','中兴'),(437,'2021-01-27 18:26:55','2021-01-27 18:26:55','添加菜单信息【Menu [name=提交押金, parent=Menu [name=null, parent=null, url=null, icon=null, sort=0, isButton=false, isShow=true], url=cashPledge(\'/admin/organization/cash_pledge\'), icon=mdi-octagram-outline, sort=47, isButton=true, isShow=true]】','中兴'),(438,'2021-01-27 18:27:17','2021-01-27 18:27:17','添加菜单信息【Menu [name=发布, parent=Menu [name=null, parent=null, url=null, icon=null, sort=0, isButton=false, isShow=true], url=/admin/bidding/update_status, icon=mdi-gesture-double-tap, sort=62, isButton=false, isShow=false]】','中兴'),(439,'2021-01-27 18:27:32','2021-01-27 18:27:32','编辑菜单信息【Menu [name=发布, parent=Menu [name=null, parent=null, url=null, icon=null, sort=0, isButton=false, isShow=true], url=/admin/bidding/update_status, icon=mdi-gesture-double-tap, sort=48, isButton=false, isShow=false]】','中兴'),(440,'2021-01-27 18:27:44','2021-01-27 18:27:44','编辑角色【企业】','中兴'),(441,'2021-01-27 18:28:02','2021-01-27 18:28:02','机构【上海浦东新区中间交易所】于【2021-01-27 18:28:02】登录系统！','未知(获取登录用户失败)'),(442,'2021-01-27 18:30:42','2021-01-27 18:30:42','编辑菜单信息【Menu [name=提交押金, parent=Menu [name=null, parent=null, url=null, icon=null, sort=0, isButton=false, isShow=true], url=cashPledge(\'/admin/organization/pay_cash_pledge\'), icon=mdi-octagram-outline, sort=47, isButton=true, isShow=true]】','中兴'),(443,'2021-01-27 18:30:58','2021-01-27 18:30:58','编辑角色【企业】','中兴'),(444,'2021-01-27 18:36:11','2021-01-27 18:36:11','编辑角色【企业】','中兴'),(445,'2021-01-27 18:36:22','2021-01-27 18:36:22','用户【中兴】于【2021-01-27 18:36:22】登录系统！','中兴'),(446,'2021-01-27 18:36:52','2021-01-27 18:36:52','用户【中兴】于【2021-01-27 18:36:52】登录系统！','中兴'),(447,'2021-01-27 18:37:06','2021-01-27 18:37:06','机构【上海浦东新区中间交易所】于【2021-01-27 18:37:06】登录系统！','未知(获取登录用户失败)'),(448,'2021-01-27 18:39:26','2021-01-27 18:39:26','机构【上海浦东新区中间交易所】于【2021-01-27 18:39:26】登录系统！','未知(获取登录用户失败)'),(449,'2021-01-27 18:40:20','2021-01-27 18:40:20','机构【上海浦东新区中间交易所】于【2021-01-27 18:40:20】登录系统！','未知(获取登录用户失败)'),(450,'2021-01-27 18:42:18','2021-01-27 18:42:18','机构【上海浦东新区中间交易所】于【2021-01-27 18:42:18】登录系统！','未知(获取登录用户失败)'),(451,'2021-01-27 18:49:44','2021-01-27 18:49:44','用户【中兴】于【2021-01-27 18:49:44】登录系统！','中兴'),(452,'2021-01-27 18:54:57','2021-01-27 18:54:57','添加菜单信息【Menu [name=项目审核, parent=Menu [name=null, parent=null, url=null, icon=null, sort=0, isButton=false, isShow=true], url=/admin/bidding/project_audit, icon=mdi-radiobox-marked, sort=56, isButton=false, isShow=true]】','中兴'),(453,'2021-01-27 18:55:10','2021-01-27 18:55:10','编辑菜单信息【Menu [name=项目审核, parent=Menu [name=null, parent=null, url=null, icon=null, sort=0, isButton=false, isShow=true], url=/admin/bidding/project_audit, icon=mdi-radiobox-marked, sort=49, isButton=false, isShow=true]】','中兴'),(454,'2021-01-27 19:03:16','2021-01-27 19:03:16','添加菜单信息【Menu [name=同意, parent=Menu [name=null, parent=null, url=null, icon=null, sort=0, isButton=false, isShow=true], url=approved(\"/admin/bidding/examine?type=true\"), icon=mdi-checkbox-marked-circle-outline, sort=40, isButton=true, isShow=true]】','中兴'),(455,'2021-01-27 19:03:29','2021-01-27 19:03:29','编辑菜单信息【Menu [name=同意, parent=Menu [name=null, parent=null, url=null, icon=null, sort=0, isButton=false, isShow=true], url=approved(, icon=mdi-checkbox-marked-circle-outline, sort=50, isButton=true, isShow=true]】','中兴'),(456,'2021-01-27 19:03:56','2021-01-27 19:03:56','添加菜单信息【Menu [name=拒绝, parent=Menu [name=null, parent=null, url=null, icon=null, sort=0, isButton=false, isShow=true], url=approved(\"/admin/bidding/examine?type=false\"), icon=mdi-window-close, sort=51, isButton=true, isShow=true]】','中兴'),(457,'2021-01-27 19:04:12','2021-01-27 19:04:12','编辑菜单信息【Menu [name=同意, parent=Menu [name=null, parent=null, url=null, icon=null, sort=0, isButton=false, isShow=true], url=approved(\"/admin/bidding/examine?type=true\"), icon=mdi-checkbox-marked-circle-outline, sort=50, isButton=true, isShow=true]】','中兴'),(458,'2021-01-28 09:06:35','2021-01-28 09:06:35','用户【中兴】于【2021-01-28 09:06:35】登录系统！','中兴'),(459,'2021-01-28 09:08:14','2021-01-28 09:08:14','添加菜单信息【Menu [name=修改支付密码, parent=Menu [name=null, parent=null, url=null, icon=null, sort=0, isButton=false, isShow=true], url=/admin/organization/update_pay_pwd, icon=mdi-verified, sort=48, isButton=false, isShow=true]】','中兴'),(460,'2021-01-28 09:09:02','2021-01-28 09:09:02','机构【上海浦东新区中间交易所】于【2021-01-28 09:09:02】登录系统！','未知(获取登录用户失败)'),(461,'2021-01-28 09:09:10','2021-01-28 09:09:10','机构【上海浦东新区中间交易所】于【2021-01-28 09:09:10】登录系统！','未知(获取登录用户失败)'),(462,'2021-01-28 09:09:20','2021-01-28 09:09:20','用户【中兴】于【2021-01-28 09:09:20】登录系统！','中兴'),(463,'2021-01-28 09:09:22','2021-01-28 09:09:22','用户【中兴】于【2021-01-28 09:09:22】登录系统！','中兴'),(464,'2021-01-28 09:09:37','2021-01-28 09:09:37','编辑角色【企业】','中兴'),(465,'2021-01-28 09:09:45','2021-01-28 09:09:45','编辑角色【企业】','中兴'),(466,'2021-01-28 09:09:49','2021-01-28 09:09:49','机构【上海浦东新区中间交易所】于【2021-01-28 09:09:49】登录系统！','未知(获取登录用户失败)'),(467,'2021-01-28 09:10:32','2021-01-28 09:10:32','用户【中兴】于【2021-01-28 09:10:32】登录系统！','中兴'),(468,'2021-01-28 09:11:00','2021-01-28 09:11:00','编辑菜单信息【Menu [name=同意, parent=Menu [name=null, parent=null, url=null, icon=null, sort=0, isButton=false, isShow=true], url=approved(, icon=mdi-checkbox-marked-circle-outline, sort=50, isButton=true, isShow=true]】','中兴'),(469,'2021-01-28 09:11:15','2021-01-28 09:11:15','编辑菜单信息【Menu [name=拒绝, parent=Menu [name=null, parent=null, url=null, icon=null, sort=0, isButton=false, isShow=true], url=approved(, icon=mdi-window-close, sort=51, isButton=true, isShow=true]】','中兴'),(470,'2021-01-28 09:11:27','2021-01-28 09:11:27','编辑菜单信息【Menu [name=同意, parent=Menu [name=null, parent=null, url=null, icon=null, sort=0, isButton=false, isShow=true], url=approved(\"/admin/bidding/examine?type=true\"), icon=mdi-checkbox-marked-circle-outline, sort=50, isButton=true, isShow=true]】','中兴'),(471,'2021-01-28 09:11:39','2021-01-28 09:11:39','编辑菜单信息【Menu [name=拒绝, parent=Menu [name=null, parent=null, url=null, icon=null, sort=0, isButton=false, isShow=true], url=approved(\"/admin/bidding/examine?type=false\"), icon=mdi-window-close, sort=51, isButton=true, isShow=true]】','中兴'),(472,'2021-01-28 09:12:01','2021-01-28 09:12:01','编辑角色【企业】','中兴'),(473,'2021-01-28 09:12:10','2021-01-28 09:12:10','删除菜单信息，菜单ID【56】','中兴'),(474,'2021-01-28 09:12:23','2021-01-28 09:12:23','编辑角色【超级管理员】','中兴'),(475,'2021-01-28 09:12:34','2021-01-28 09:12:34','用户【中兴】于【2021-01-28 09:12:34】登录系统！','中兴'),(476,'2021-01-28 09:24:41','2021-01-28 09:24:41','机构【上海浦东新区中间交易所】于【2021-01-28 09:24:41】登录系统！','未知(获取登录用户失败)'),(477,'2021-01-28 09:25:08','2021-01-28 09:25:08','用户【中兴】于【2021-01-28 09:25:08】登录系统！','中兴'),(478,'2021-01-28 09:25:32','2021-01-28 09:25:32','编辑角色【企业】','中兴'),(479,'2021-01-28 09:25:42','2021-01-28 09:25:42','用户【中兴】于【2021-01-28 09:25:42】登录系统！','中兴'),(480,'2021-01-28 09:25:58','2021-01-28 09:25:58','机构【上海浦东新区中间交易所】于【2021-01-28 09:25:58】登录系统！','未知(获取登录用户失败)'),(481,'2021-01-28 09:29:14','2021-01-28 09:29:14','机构【上海浦东新区中间交易所】于【2021-01-28 09:29:14】登录系统！','未知(获取登录用户失败)'),(482,'2021-01-28 09:38:13','2021-01-28 09:38:13','用户【中兴】于【2021-01-28 09:38:13】登录系统！','中兴'),(483,'2021-01-28 09:39:57','2021-01-28 09:39:57','编辑菜单信息【Menu [name=修改支付密码, parent=Menu [name=null, parent=null, url=null, icon=null, sort=0, isButton=false, isShow=true], url=/admin/organization/update_pay_pwd, icon=mdi-verified, sort=52, isButton=false, isShow=true]】','中兴'),(484,'2021-01-28 09:42:18','2021-01-28 09:42:18','用户【中兴】于【2021-01-28 09:42:18】登录系统！','中兴'),(485,'2021-01-28 09:46:38','2021-01-28 09:46:38','添加菜单信息【Menu [name=竞拍审核, parent=Menu [name=null, parent=null, url=null, icon=null, sort=0, isButton=false, isShow=true], url=/admin/bidding/project_audit, icon=mdi-checkbox-marked-circle-outline, sort=53, isButton=false, isShow=true]】','中兴'),(486,'2021-01-28 09:46:49','2021-01-28 09:46:49','编辑菜单信息【Menu [name=竞拍审核, parent=Menu [name=null, parent=null, url=null, icon=null, sort=0, isButton=false, isShow=true], url=/admin/bidding/project_audit, icon=mdi-checkbox-marked-circle-outline, sort=52, isButton=false, isShow=true]】','中兴'),(487,'2021-01-28 09:47:06','2021-01-28 09:47:06','编辑菜单信息【Menu [name=同意, parent=Menu [name=null, parent=null, url=null, icon=null, sort=0, isButton=false, isShow=true], url=approved(\"/admin/bidding/examine?type=true\"), icon=mdi-checkbox-marked-circle-outline, sort=50, isButton=true, isShow=true]】','中兴'),(488,'2021-01-28 09:47:23','2021-01-28 09:47:23','编辑菜单信息【Menu [name=拒绝, parent=Menu [name=null, parent=null, url=null, icon=null, sort=0, isButton=false, isShow=true], url=approved(\'/admin/bidding/examine?type=false\'), icon=mdi-window-close, sort=51, isButton=true, isShow=true]】','中兴'),(489,'2021-01-28 09:47:37','2021-01-28 09:47:37','编辑菜单信息【Menu [name=拒绝, parent=Menu [name=null, parent=null, url=null, icon=null, sort=0, isButton=false, isShow=true], url=approved(\'/admin/bidding/examine?type=false\'), icon=mdi-window-close, sort=51, isButton=true, isShow=true]】','中兴'),(490,'2021-01-28 09:47:56','2021-01-28 09:47:56','编辑菜单信息【Menu [name=同意, parent=Menu [name=null, parent=null, url=null, icon=null, sort=0, isButton=false, isShow=true], url=approved(\'/admin/bidding/examine?type=true\'), icon=mdi-checkbox-marked-circle-outline, sort=50, isButton=true, isShow=true]】','中兴'),(491,'2021-01-28 09:48:10','2021-01-28 09:48:10','编辑角色【超级管理员】','中兴'),(492,'2021-01-28 09:50:04','2021-01-28 09:50:04','用户【中兴】于【2021-01-28 09:50:04】登录系统！','中兴'),(493,'2021-01-28 09:52:42','2021-01-28 09:52:42','添加菜单信息【Menu [name=银行卡管理, parent=null, url=, icon=mdi-voice, sort=54, isButton=false, isShow=true]】','中兴'),(494,'2021-01-28 09:53:42','2021-01-28 09:53:42','添加菜单信息【Menu [name=我的银行卡, parent=Menu [name=null, parent=null, url=null, icon=null, sort=0, isButton=false, isShow=true], url=/admin/org_bank_card/list, icon=mdi-timer-sand-full, sort=55, isButton=false, isShow=true]】','中兴'),(495,'2021-01-28 09:55:14','2021-01-28 09:55:14','添加菜单信息【Menu [name=添加, parent=Menu [name=null, parent=null, url=null, icon=null, sort=0, isButton=false, isShow=true], url=/admin/org_bank_card/add, icon=mdi-sign-direction, sort=56, isButton=false, isShow=true]】','中兴'),(496,'2021-01-28 09:56:00','2021-01-28 09:56:00','添加菜单信息【Menu [name=删除, parent=Menu [name=null, parent=null, url=null, icon=null, sort=0, isButton=false, isShow=true], url=del(\'/admin/org_bank_card/delete\'), icon=mdi-delete-sweep, sort=57, isButton=true, isShow=true]】','中兴'),(497,'2021-01-28 09:56:13','2021-01-28 09:56:13','编辑角色【企业】','中兴'),(498,'2021-01-28 09:56:31','2021-01-28 09:56:31','机构【上海浦东新区中间交易所】于【2021-01-28 09:56:31】登录系统！','未知(获取登录用户失败)'),(499,'2021-01-28 09:57:05','2021-01-28 09:57:05','用户【中兴】于【2021-01-28 09:57:05】登录系统！','中兴'),(500,'2021-01-28 09:57:31','2021-01-28 09:57:31','用户【中兴】于【2021-01-28 09:57:31】登录系统！','中兴'),(501,'2021-01-28 10:02:34','2021-01-28 10:02:34','添加菜单信息【Menu [name=查看详情, parent=Menu [name=null, parent=null, url=null, icon=null, sort=0, isButton=false, isShow=true], url=/admin/bidding/view_project, icon=mdi-yammer, sort=53, isButton=false, isShow=true]】','中兴'),(502,'2021-01-28 10:02:54','2021-01-28 10:02:54','编辑菜单信息【Menu [name=查看详情, parent=Menu [name=null, parent=null, url=null, icon=null, sort=0, isButton=false, isShow=true], url=/admin/bidding/view_project, icon=mdi-yammer, sort=54, isButton=false, isShow=true]】','中兴'),(503,'2021-01-28 10:04:07','2021-01-28 10:04:07','机构【上海浦东新区中间交易所】于【2021-01-28 10:04:07】登录系统！','未知(获取登录用户失败)'),(504,'2021-01-28 10:05:27','2021-01-28 10:05:27','编辑角色【超级管理员】','中兴'),(505,'2021-01-28 10:05:38','2021-01-28 10:05:38','用户【中兴】于【2021-01-28 10:05:38】登录系统！','中兴'),(506,'2021-01-28 10:18:22','2021-01-28 10:18:22','用户【中兴】于【2021-01-28 10:18:22】登录系统！','中兴'),(507,'2021-01-28 10:18:45','2021-01-28 10:18:45','编辑菜单信息【Menu [name=查看详情, parent=Menu [name=null, parent=null, url=null, icon=null, sort=0, isButton=false, isShow=true], url=viewProject(/admin/bidding/view_project), icon=mdi-yammer, sort=54, isButton=false, isShow=true]】','中兴'),(508,'2021-01-28 10:19:58','2021-01-28 10:19:58','用户【中兴】于【2021-01-28 10:19:58】登录系统！','中兴'),(509,'2021-01-28 10:20:33','2021-01-28 10:20:33','编辑菜单信息【Menu [name=查看详情, parent=Menu [name=null, parent=null, url=null, icon=null, sort=0, isButton=false, isShow=true], url=viewProject(/admin/bidding/view_project), icon=mdi-yammer, sort=54, isButton=true, isShow=true]】','中兴'),(510,'2021-01-28 10:20:43','2021-01-28 10:20:43','用户【中兴】于【2021-01-28 10:20:43】登录系统！','中兴'),(511,'2021-01-28 10:21:11','2021-01-28 10:21:11','编辑菜单信息【Menu [name=查看详情, parent=Menu [name=null, parent=null, url=null, icon=null, sort=0, isButton=false, isShow=true], url=viewProject(\'/admin/bidding/view_project\'), icon=mdi-yammer, sort=54, isButton=true, isShow=true]】','中兴'),(512,'2021-01-28 10:21:19','2021-01-28 10:21:19','用户【中兴】于【2021-01-28 10:21:19】登录系统！','中兴'),(513,'2021-01-28 10:32:29','2021-01-28 10:32:29','用户【中兴】于【2021-01-28 10:32:29】登录系统！','中兴'),(514,'2021-01-28 10:33:07','2021-01-28 10:33:07','编辑菜单信息【Menu [name=查看详情, parent=Menu [name=null, parent=null, url=null, icon=null, sort=0, isButton=false, isShow=true], url=viewProject(\'/admin/bidding/project_detail\'), icon=mdi-yammer, sort=54, isButton=true, isShow=true]】','中兴'),(515,'2021-01-28 10:33:22','2021-01-28 10:33:22','用户【中兴】于【2021-01-28 10:33:22】登录系统！','中兴'),(516,'2021-01-28 11:03:05','2021-01-28 11:03:05','机构【添加asdfasd】于【2021-01-28 11:03:05】登录系统！','未知(获取登录用户失败)'),(517,'2021-01-28 11:07:43','2021-01-28 11:07:43','机构【上海浦东新区中间交易所】于【2021-01-28 11:07:43】登录系统！','未知(获取登录用户失败)'),(518,'2021-01-28 11:11:17','2021-01-28 11:11:17','用户【中兴】于【2021-01-28 11:11:17】登录系统！','中兴'),(519,'2021-01-28 11:15:35','2021-01-28 11:15:35','用户【中兴】于【2021-01-28 11:15:35】登录系统！','中兴'),(520,'2021-01-28 11:15:52','2021-01-28 11:15:52','机构【上海浦东新区中间交易所】于【2021-01-28 11:15:52】登录系统！','未知(获取登录用户失败)'),(521,'2021-01-28 11:16:58','2021-01-28 11:16:58','用户【中兴】于【2021-01-28 11:16:58】登录系统！','中兴'),(522,'2021-01-28 11:18:47','2021-01-28 11:18:47','用户【中兴】于【2021-01-28 11:18:47】登录系统！','中兴'),(523,'2021-01-28 11:33:48','2021-01-28 11:33:48','机构【上海浦东新区中间交易所】于【2021-01-28 11:33:48】登录系统！','未知(获取登录用户失败)'),(524,'2021-01-28 11:40:11','2021-01-28 11:40:11','机构【上海浦东新区中间交易所】于【2021-01-28 11:40:11】登录系统！','未知(获取登录用户失败)'),(525,'2021-01-28 11:49:05','2021-01-28 11:49:05','用户【中兴】于【2021-01-28 11:49:05】登录系统！','中兴'),(526,'2021-01-28 13:35:46','2021-01-28 13:35:46','机构【上海浦东新区中间交易所】于【2021-01-28 13:35:46】登录系统！','未知(获取登录用户失败)'),(527,'2021-01-28 13:41:40','2021-01-28 13:41:40','用户【中兴】于【2021-01-28 13:41:40】登录系统！','中兴'),(528,'2021-01-28 13:42:41','2021-01-28 13:42:41','添加菜单信息【Menu [name=充值记录管理, parent=null, url=, icon=mdi-clipboard-check, sort=59, isButton=false, isShow=true]】','中兴'),(529,'2021-01-28 13:45:18','2021-01-28 13:45:18','用户【中兴】于【2021-01-28 13:45:18】登录系统！','中兴'),(530,'2021-01-28 13:46:29','2021-01-28 13:46:29','添加菜单信息【Menu [name=我的充值, parent=Menu [name=null, parent=null, url=null, icon=null, sort=0, isButton=false, isShow=true], url=/admin/org_alipay/list, icon=mdi-account-card-details, sort=59, isButton=false, isShow=true]】','中兴'),(531,'2021-01-28 13:47:29','2021-01-28 13:47:29','添加菜单信息【Menu [name=去充值, parent=Menu [name=null, parent=null, url=null, icon=null, sort=0, isButton=false, isShow=true], url=/admin/org_alipay/add, icon=mdi-code-string, sort=61, isButton=false, isShow=true]】','中兴'),(532,'2021-01-28 13:50:06','2021-01-28 13:50:06','编辑菜单信息【Menu [name=去充值, parent=Menu [name=null, parent=null, url=null, icon=null, sort=0, isButton=false, isShow=true], url=toPay(\'/admin/org_alipay/add\'), icon=mdi-code-string, sort=61, isButton=true, isShow=true]】','中兴'),(533,'2021-01-28 13:55:36','2021-01-28 13:55:36','用户【中兴】于【2021-01-28 13:55:36】登录系统！','中兴'),(534,'2021-01-28 14:05:20','2021-01-28 14:05:20','编辑角色【企业】','中兴'),(535,'2021-01-28 14:06:00','2021-01-28 14:06:00','机构【上海浦东新区中间交易所】于【2021-01-28 14:06:00】登录系统！','未知(获取登录用户失败)'),(536,'2021-01-28 14:09:15','2021-01-28 14:09:15','添加菜单信息【Menu [name=审批记录列表, parent=Menu [name=null, parent=null, url=null, icon=null, sort=0, isButton=false, isShow=true], url=/admin/approval_record/list, icon=mdi-kodi, sort=56, isButton=false, isShow=true]】','中兴'),(537,'2021-01-28 14:09:27','2021-01-28 14:09:27','编辑菜单信息【Menu [name=审批记录列表, parent=Menu [name=null, parent=null, url=null, icon=null, sort=0, isButton=false, isShow=true], url=/admin/approval_record/list, icon=mdi-kodi, sort=59, isButton=false, isShow=true]】','中兴'),(538,'2021-01-28 14:09:41','2021-01-28 14:09:41','用户【中兴】于【2021-01-28 14:09:41】登录系统！','中兴'),(539,'2021-01-28 14:09:57','2021-01-28 14:09:57','编辑角色【超级管理员】','中兴'),(540,'2021-01-28 14:10:05','2021-01-28 14:10:05','用户【中兴】于【2021-01-28 14:10:05】登录系统！','中兴'),(541,'2021-01-28 14:16:41','2021-01-28 14:16:41','用户【中兴】于【2021-01-28 14:16:41】登录系统！','中兴'),(542,'2021-01-28 14:17:11','2021-01-28 14:17:11','添加菜单信息【Menu [name=删除, parent=Menu [name=null, parent=null, url=null, icon=null, sort=0, isButton=false, isShow=true], url=del(\'/admin/approval_record/delete\'), icon=mdi-close, sort=47, isButton=false, isShow=true]】','中兴'),(543,'2021-01-28 14:17:22','2021-01-28 14:17:22','编辑菜单信息【Menu [name=删除, parent=Menu [name=null, parent=null, url=null, icon=null, sort=0, isButton=false, isShow=true], url=del(\'/admin/approval_record/delete\'), icon=mdi-close, sort=60, isButton=false, isShow=true]】','中兴'),(544,'2021-01-28 14:17:38','2021-01-28 14:17:38','编辑角色【超级管理员】','中兴'),(545,'2021-01-28 14:17:46','2021-01-28 14:17:46','用户【中兴】于【2021-01-28 14:17:46】登录系统！','中兴'),(546,'2021-01-28 14:18:31','2021-01-28 14:18:31','编辑菜单信息【Menu [name=删除, parent=Menu [name=null, parent=null, url=null, icon=null, sort=0, isButton=false, isShow=true], url=del(\'/admin/approval_record/delete\'), icon=mdi-close, sort=60, isButton=true, isShow=true]】','中兴'),(547,'2021-01-28 14:18:40','2021-01-28 14:18:40','用户【中兴】于【2021-01-28 14:18:40】登录系统！','中兴'),(548,'2021-01-28 14:18:47','2021-01-28 14:18:47','删除审批记录,记录ID：2','中兴'),(549,'2021-01-28 14:28:11','2021-01-28 14:28:11','用户【中兴】于【2021-01-28 14:28:11】登录系统！','中兴'),(550,'2021-01-28 14:29:27','2021-01-28 14:29:27','用户【中兴】于【2021-01-28 14:29:27】登录系统！','中兴'),(551,'2021-01-28 14:34:33','2021-01-28 14:34:33','添加菜单信息【Menu [name=交易中心, parent=Menu [name=null, parent=null, url=null, icon=null, sort=0, isButton=false, isShow=true], url=/admin/bidding/trading_center, icon=mdi-bullhorn, sort=60, isButton=false, isShow=true]】','中兴'),(552,'2021-01-28 14:34:43','2021-01-28 14:34:43','编辑角色【超级管理员】','中兴'),(553,'2021-01-28 14:34:53','2021-01-28 14:34:53','用户【中兴】于【2021-01-28 14:34:53】登录系统！','中兴'),(554,'2021-01-28 14:35:43','2021-01-28 14:35:43','机构【上海浦东新区中间交易所】于【2021-01-28 14:35:43】登录系统！','未知(获取登录用户失败)'),(555,'2021-01-28 14:36:55','2021-01-28 14:36:55','用户【中兴】于【2021-01-28 14:36:55】登录系统！','中兴'),(556,'2021-01-28 14:46:53','2021-01-28 14:46:53','用户【中兴】于【2021-01-28 14:46:53】登录系统！','中兴'),(557,'2021-01-28 14:48:30','2021-01-28 14:48:30','用户【中兴】于【2021-01-28 14:48:30】登录系统！','中兴'),(558,'2021-01-28 14:49:04','2021-01-28 14:49:04','添加菜单信息【Menu [name=充值, parent=Menu [name=null, parent=null, url=null, icon=null, sort=0, isButton=false, isShow=true], url=/admin/org_alipay/to_pay, icon=mdi-check-circle, sort=65, isButton=false, isShow=false]】','中兴'),(559,'2021-01-28 14:49:11','2021-01-28 14:49:11','编辑角色【企业】','中兴'),(560,'2021-01-28 14:49:28','2021-01-28 14:49:28','机构【上海浦东新区中间交易所】于【2021-01-28 14:49:28】登录系统！','未知(获取登录用户失败)'),(561,'2021-01-28 14:53:11','2021-01-28 14:53:11','机构【上海浦东新区中间交易所】于【2021-01-28 14:53:11】登录系统！','未知(获取登录用户失败)'),(562,'2021-01-28 14:55:30','2021-01-28 14:55:30','用户【中兴】于【2021-01-28 14:55:30】登录系统！','中兴'),(563,'2021-01-28 15:04:40','2021-01-28 15:04:40','机构【上海浦东新区中间交易所】于【2021-01-28 15:04:40】登录系统！','未知(获取登录用户失败)'),(564,'2021-01-28 15:06:51','2021-01-28 15:06:51','用户【中兴】于【2021-01-28 15:06:51】登录系统！','中兴'),(565,'2021-01-28 15:07:30','2021-01-28 15:07:30','添加菜单信息【Menu [name=充值结果, parent=Menu [name=null, parent=null, url=null, icon=null, sort=0, isButton=false, isShow=true], url=/admin/org_alipay/alipay_notify, icon=mdi-book-unsecure, sort=66, isButton=false, isShow=false]】','中兴'),(566,'2021-01-28 15:07:40','2021-01-28 15:07:40','编辑角色【企业】','中兴'),(567,'2021-01-28 15:08:10','2021-01-28 15:08:10','机构【上海浦东新区中间交易所】于【2021-01-28 15:08:10】登录系统！','未知(获取登录用户失败)'),(568,'2021-01-28 15:10:18','2021-01-28 15:10:18','机构【上海浦东新区中间交易所】于【2021-01-28 15:10:18】登录系统！','未知(获取登录用户失败)'),(569,'2021-01-28 15:13:31','2021-01-28 15:13:31','机构【上海浦东新区中间交易所】于【2021-01-28 15:13:31】登录系统！','未知(获取登录用户失败)'),(570,'2021-01-28 15:16:07','2021-01-28 15:16:07','机构【上海浦东新区中间交易所】于【2021-01-28 15:16:07】登录系统！','未知(获取登录用户失败)'),(571,'2021-01-28 15:17:25','2021-01-28 15:17:25','机构【上海浦东新区中间交易所】于【2021-01-28 15:17:25】登录系统！','未知(获取登录用户失败)'),(572,'2021-01-28 15:20:13','2021-01-28 15:20:13','机构【上海浦东新区中间交易所】于【2021-01-28 15:20:13】登录系统！','未知(获取登录用户失败)'),(573,'2021-01-28 15:23:28','2021-01-28 15:23:28','机构【上海浦东新区中间交易所】于【2021-01-28 15:23:28】登录系统！','未知(获取登录用户失败)'),(574,'2021-01-28 15:24:51','2021-01-28 15:24:51','用户【中兴】于【2021-01-28 15:24:51】登录系统！','中兴'),(575,'2021-01-28 15:26:23','2021-01-28 15:26:23','用户【中兴】于【2021-01-28 15:26:23】登录系统！','中兴'),(576,'2021-01-28 15:26:59','2021-01-28 15:26:59','添加菜单信息【Menu [name=上下架, parent=Menu [name=null, parent=null, url=null, icon=null, sort=0, isButton=false, isShow=true], url=/admin/bidding/frame, icon=mdi-unfold-more-horizontal, sort=65, isButton=false, isShow=false]】','中兴'),(577,'2021-01-28 15:27:21','2021-01-28 15:27:21','编辑角色【超级管理员】','中兴'),(578,'2021-01-28 15:27:29','2021-01-28 15:27:29','用户【中兴】于【2021-01-28 15:27:29】登录系统！','中兴'),(579,'2021-01-28 15:27:50','2021-01-28 15:27:50','编辑角色【超级管理员】','中兴'),(580,'2021-01-28 15:28:37','2021-01-28 15:28:37','删除菜单信息，菜单ID【74】','中兴'),(581,'2021-01-28 15:29:32','2021-01-28 15:29:32','用户【中兴】于【2021-01-28 15:29:32】登录系统！','中兴'),(582,'2021-01-28 15:32:06','2021-01-28 15:32:06','用户【中兴】于【2021-01-28 15:32:06】登录系统！','中兴'),(583,'2021-01-28 15:33:19','2021-01-28 15:33:19','机构【上海浦东新区中间交易所】于【2021-01-28 15:33:19】登录系统！','未知(获取登录用户失败)'),(584,'2021-01-28 15:34:59','2021-01-28 15:34:59','用户【中兴】于【2021-01-28 15:34:59】登录系统！','中兴'),(585,'2021-01-28 15:35:15','2021-01-28 15:35:15','机构【上海浦东新区中间交易所】于【2021-01-28 15:35:15】登录系统！','未知(获取登录用户失败)'),(586,'2021-01-28 15:36:19','2021-01-28 15:36:19','机构【上海浦东新区中间交易所】于【2021-01-28 15:36:19】登录系统！','未知(获取登录用户失败)'),(587,'2021-01-28 15:36:57','2021-01-28 15:36:57','机构【上海浦东新区中间交易所】于【2021-01-28 15:36:57】登录系统！','未知(获取登录用户失败)'),(588,'2021-01-28 15:38:24','2021-01-28 15:38:24','机构【上海浦东新区中间交易所】于【2021-01-28 15:38:24】登录系统！','未知(获取登录用户失败)'),(589,'2021-01-28 15:38:34','2021-01-28 15:38:34','机构【上海浦东新区中间交易所】于【2021-01-28 15:38:34】登录系统！','未知(获取登录用户失败)'),(590,'2021-01-28 15:39:26','2021-01-28 15:39:26','机构【上海浦东新区中间交易所】于【2021-01-28 15:39:26】登录系统！','未知(获取登录用户失败)'),(591,'2021-01-28 15:40:11','2021-01-28 15:40:11','用户【中兴】于【2021-01-28 15:40:11】登录系统！','中兴'),(592,'2021-01-28 15:40:28','2021-01-28 15:40:28','编辑角色【企业】','中兴'),(593,'2021-01-28 15:40:37','2021-01-28 15:40:37','机构【上海浦东新区中间交易所】于【2021-01-28 15:40:37】登录系统！','未知(获取登录用户失败)'),(594,'2021-01-28 15:42:14','2021-01-28 15:42:14','机构【添加asdfasd】于【2021-01-28 15:42:14】登录系统！','未知(获取登录用户失败)'),(595,'2021-01-28 15:42:36','2021-01-28 15:42:36','机构【上海浦东新区中间交易所】于【2021-01-28 15:42:35】登录系统！','未知(获取登录用户失败)'),(596,'2021-01-28 15:43:01','2021-01-28 15:43:01','用户【中兴】于【2021-01-28 15:43:01】登录系统！','中兴'),(597,'2021-01-28 15:47:48','2021-01-28 15:47:48','机构【上海浦东新区中间交易所】于【2021-01-28 15:47:47】登录系统！','未知(获取登录用户失败)'),(598,'2021-01-28 15:51:13','2021-01-28 15:51:13','机构【上海浦东新区中间交易所】于【2021-01-28 15:51:13】登录系统！','未知(获取登录用户失败)'),(599,'2021-01-28 15:52:42','2021-01-28 15:52:42','编辑竞拍，标题名称：万国-飞行员-自动机械-精钢-男表','未知(获取登录用户失败)'),(600,'2021-01-28 15:58:35','2021-01-28 15:58:35','用户【中兴】于【2021-01-28 15:58:35】登录系统！','中兴'),(601,'2021-01-28 15:59:50','2021-01-28 15:59:50','添加菜单信息【Menu [name=提现记录, parent=Menu [name=null, parent=null, url=null, icon=null, sort=0, isButton=false, isShow=true], url=/admin/org_wr/my_list, icon=mdi-note-outline, sort=67, isButton=false, isShow=true]】','中兴'),(602,'2021-01-28 16:03:23','2021-01-28 16:03:23','用户【中兴】于【2021-01-28 16:03:23】登录系统！','中兴'),(603,'2021-01-28 16:04:09','2021-01-28 16:04:09','机构【上海浦东新区中间交易所】于【2021-01-28 16:04:09】登录系统！','未知(获取登录用户失败)'),(604,'2021-01-28 16:05:03','2021-01-28 16:05:03','用户【中兴】于【2021-01-28 16:05:03】登录系统！','中兴'),(605,'2021-01-28 16:19:53','2021-01-28 16:19:53','添加菜单信息【Menu [name=机构提现记录, parent=Menu [name=null, parent=null, url=null, icon=null, sort=0, isButton=false, isShow=true], url=/admin/org_wr/list, icon=mdi-led-on, sort=68, isButton=false, isShow=true]】','中兴'),(606,'2021-01-28 16:20:29','2021-01-28 16:20:29','添加菜单信息【Menu [name=审批, parent=Menu [name=null, parent=null, url=null, icon=null, sort=0, isButton=false, isShow=true], url=/admin/org_wr/approval, icon=mdi-lightbulb-on, sort=69, isButton=false, isShow=false]】','中兴'),(607,'2021-01-28 16:20:53','2021-01-28 16:20:53','机构【上海浦东新区中间交易所】于【2021-01-28 16:20:52】登录系统！','未知(获取登录用户失败)'),(608,'2021-01-28 16:21:25','2021-01-28 16:21:25','编辑角色【超级管理员】','中兴'),(609,'2021-01-28 16:21:43','2021-01-28 16:21:43','用户【中兴】于【2021-01-28 16:21:43】登录系统！','中兴'),(610,'2021-01-28 16:22:01','2021-01-28 16:22:01','机构【上海浦东新区中间交易所】于【2021-01-28 16:22:01】登录系统！','未知(获取登录用户失败)'),(611,'2021-01-28 16:22:29','2021-01-28 16:22:29','用户【中兴】于【2021-01-28 16:22:29】登录系统！','中兴'),(612,'2021-01-28 16:22:42','2021-01-28 16:22:42','机构【上海浦东新区中间交易所】于【2021-01-28 16:22:42】登录系统！','未知(获取登录用户失败)'),(613,'2021-01-28 16:23:22','2021-01-28 16:23:22','用户【中兴】于【2021-01-28 16:23:22】登录系统！','中兴'),(614,'2021-01-28 16:23:47','2021-01-28 16:23:47','用户【中兴】于【2021-01-28 16:23:47】登录系统！','中兴'),(615,'2021-01-28 16:25:25','2021-01-28 16:25:25','用户【中兴】于【2021-01-28 16:25:25】登录系统！','中兴'),(616,'2021-01-28 16:26:44','2021-01-28 16:26:44','添加菜单信息【Menu [name=申请提现, parent=Menu [name=null, parent=null, url=null, icon=null, sort=0, isButton=false, isShow=true], url=/admin/org_wr/add, icon=mdi-trophy-award, sort=70, isButton=false, isShow=false]】','中兴'),(617,'2021-01-28 16:26:56','2021-01-28 16:26:56','编辑角色【企业】','中兴'),(618,'2021-01-28 16:27:25','2021-01-28 16:27:25','机构【上海浦东新区中间交易所】于【2021-01-28 16:27:25】登录系统！','未知(获取登录用户失败)'),(619,'2021-01-28 16:46:36','2021-01-28 16:46:36','用户【中兴】于【2021-01-28 16:46:36】登录系统！','中兴'),(620,'2021-01-28 17:00:08','2021-01-28 17:00:08','机构【上海浦东新区中间交易所】于【2021-01-28 17:00:08】登录系统！','未知(获取登录用户失败)'),(621,'2021-01-28 17:09:32','2021-01-28 17:09:32','用户【中兴】于【2021-01-28 17:09:32】登录系统！','中兴'),(622,'2021-01-28 17:56:40','2021-01-28 17:56:40','机构【上海浦东新区中间交易所】于【2021-01-28 17:56:40】登录系统！','未知(获取登录用户失败)'),(623,'2021-01-28 18:03:25','2021-01-28 18:03:25','机构【上海浦东新区中间交易所】于【2021-01-28 18:03:25】登录系统！','未知(获取登录用户失败)'),(624,'2021-01-28 18:14:01','2021-01-28 18:14:01','用户【中兴】于【2021-01-28 18:14:01】登录系统！','中兴'),(625,'2021-01-28 18:15:20','2021-01-28 18:15:20','机构【上海浦东新区中间交易所】于【2021-01-28 18:15:20】登录系统！','未知(获取登录用户失败)'),(626,'2021-01-28 18:16:57','2021-01-28 18:16:57','机构【上海浦东新区中间交易所】于【2021-01-28 18:16:57】登录系统！','未知(获取登录用户失败)'),(627,'2021-01-28 18:17:03','2021-01-28 18:17:03','机构【上海浦东新区中间交易所】于【2021-01-28 18:17:03】登录系统！','未知(获取登录用户失败)'),(628,'2021-01-28 18:17:14','2021-01-28 18:17:14','用户【中兴】于【2021-01-28 18:17:14】登录系统！','中兴'),(629,'2021-01-28 18:17:48','2021-01-28 18:17:48','机构【上海浦东新区中间交易所】于【2021-01-28 18:17:48】登录系统！','未知(获取登录用户失败)'),(630,'2021-01-28 18:19:04','2021-01-28 18:19:04','机构【上海浦东新区中间交易所】于【2021-01-28 18:19:04】登录系统！','未知(获取登录用户失败)'),(631,'2021-01-28 18:23:44','2021-01-28 18:23:44','用户【中兴】于【2021-01-28 18:23:44】登录系统！','中兴'),(632,'2021-01-28 18:24:05','2021-01-28 18:24:05','机构【上海浦东新区中间交易所】于【2021-01-28 18:24:05】登录系统！','未知(获取登录用户失败)'),(633,'2021-01-28 18:26:51','2021-01-28 18:26:51','用户【中兴】于【2021-01-28 18:26:51】登录系统！','中兴'),(634,'2021-01-28 18:28:08','2021-01-28 18:28:08','机构【上海浦东新区中间交易所】于【2021-01-28 18:28:08】登录系统！','未知(获取登录用户失败)'),(635,'2021-01-28 18:37:11','2021-01-28 18:37:11','机构【上海浦东新区中间交易所】于【2021-01-28 18:37:11】登录系统！','未知(获取登录用户失败)'),(636,'2021-01-28 18:37:51','2021-01-28 18:37:51','机构【上海浦东新区中间交易所】于【2021-01-28 18:37:51】登录系统！','未知(获取登录用户失败)'),(637,'2021-01-28 18:38:37','2021-01-28 18:38:37','机构【上海浦东新区中间交易所】于【2021-01-28 18:38:37】登录系统！','未知(获取登录用户失败)'),(638,'2021-01-28 18:39:31','2021-01-28 18:39:31','用户【中兴】于【2021-01-28 18:39:31】登录系统！','中兴'),(639,'2021-01-28 18:42:15','2021-01-28 18:42:15','机构【上海浦东新区中间交易所】于【2021-01-28 18:42:15】登录系统！','未知(获取登录用户失败)'),(640,'2021-01-28 18:46:39','2021-01-28 18:46:39','机构【添加asdfasd】于【2021-01-28 18:46:39】登录系统！','未知(获取登录用户失败)'),(641,'2021-01-28 18:48:33','2021-01-28 18:48:33','机构【上海浦东新区中间交易所】于【2021-01-28 18:48:33】登录系统！','未知(获取登录用户失败)'),(642,'2021-01-28 19:01:56','2021-01-28 19:01:56','用户【中兴】于【2021-01-28 19:01:56】登录系统！','中兴'),(643,'2021-01-28 19:02:32','2021-01-28 19:02:32','机构【上海浦东新区中间交易所】于【2021-01-28 19:02:32】登录系统！','未知(获取登录用户失败)'),(644,'2021-01-28 19:07:33','2021-01-28 19:07:33','用户【中兴】于【2021-01-28 19:07:33】登录系统！','中兴'),(645,'2021-01-28 19:16:04','2021-01-28 19:16:04','用户【中兴】于【2021-01-28 19:16:04】登录系统！','中兴'),(646,'2021-01-28 19:16:45','2021-01-28 19:16:45','机构【上海浦东新区中间交易所】于【2021-01-28 19:16:45】登录系统！','未知(获取登录用户失败)'),(647,'2021-01-29 09:03:13','2021-01-29 09:03:13','机构【上海浦东新区中间交易所】于【2021-01-29 09:03:13】登录系统！','未知(获取登录用户失败)'),(648,'2021-01-29 09:14:52','2021-01-29 09:14:52','用户【中兴】于【2021-01-29 09:14:52】登录系统！','中兴'),(649,'2021-01-29 09:15:41','2021-01-29 09:15:41','用户【中兴】于【2021-01-29 09:15:41】登录系统！','中兴'),(650,'2021-01-29 09:16:30','2021-01-29 09:16:30','机构【上海浦东新区中间交易所】于【2021-01-29 09:16:30】登录系统！','未知(获取登录用户失败)'),(651,'2021-01-29 09:36:18','2021-01-29 09:36:18','用户【中兴】于【2021-01-29 09:36:18】登录系统！','中兴'),(652,'2021-01-29 09:46:49','2021-01-29 09:46:49','添加菜单信息【Menu [name=新闻管理, parent=null, url=, icon=mdi-content-copy, sort=71, isButton=false, isShow=true]】','中兴'),(653,'2021-01-29 09:47:30','2021-01-29 09:47:30','添加菜单信息【Menu [name=新闻类型管理, parent=Menu [name=null, parent=null, url=null, icon=null, sort=0, isButton=false, isShow=true], url=/admin/news_type/add, icon=mdi-vlc, sort=71, isButton=false, isShow=true]】','中兴'),(654,'2021-01-29 09:47:43','2021-01-29 09:47:43','编辑菜单信息【Menu [name=新闻类型管理, parent=Menu [name=null, parent=null, url=null, icon=null, sort=0, isButton=false, isShow=true], url=/admin/news_type/list, icon=mdi-vlc, sort=71, isButton=false, isShow=true]】','中兴'),(655,'2021-01-29 09:48:04','2021-01-29 09:48:04','添加菜单信息【Menu [name=添加, parent=Menu [name=null, parent=null, url=null, icon=null, sort=0, isButton=false, isShow=true], url=/admin/news_type/add, icon=mdi-tag-heart, sort=72, isButton=false, isShow=true]】','中兴'),(656,'2021-01-29 09:49:22','2021-01-29 09:49:22','添加菜单信息【Menu [name=编辑, parent=Menu [name=null, parent=null, url=null, icon=null, sort=0, isButton=false, isShow=true], url=edit(\'/admin/news_type/edit\'), icon=mdi-wrench, sort=74, isButton=true, isShow=true]】','中兴'),(657,'2021-01-29 09:50:09','2021-01-29 09:50:09','添加菜单信息【Menu [name=删除, parent=Menu [name=null, parent=null, url=null, icon=null, sort=0, isButton=false, isShow=true], url=del(\'/admin/news_type/delete\'), icon=mdi-delete-forever, sort=75, isButton=true, isShow=true]】','中兴'),(658,'2021-01-29 09:51:57','2021-01-29 09:51:57','用户【中兴】于【2021-01-29 09:51:57】登录系统！','中兴'),(659,'2021-01-29 09:52:11','2021-01-29 09:52:11','编辑角色【企业】','中兴'),(660,'2021-01-29 09:52:24','2021-01-29 09:52:24','用户【中兴】于【2021-01-29 09:52:24】登录系统！','中兴'),(661,'2021-01-29 09:52:38','2021-01-29 09:52:38','编辑角色【企业】','中兴'),(662,'2021-01-29 09:52:47','2021-01-29 09:52:47','编辑角色【超级管理员】','中兴'),(663,'2021-01-29 09:53:04','2021-01-29 09:53:04','用户【中兴】于【2021-01-29 09:53:04】登录系统！','中兴'),(664,'2021-01-29 09:54:17','2021-01-29 09:54:17','添加新闻分类 分类名称:添加','中兴'),(665,'2021-01-29 09:54:21','2021-01-29 09:54:21','编辑新闻分类 分类名称:添加','中兴'),(666,'2021-01-29 09:54:24','2021-01-29 09:54:24','添加新闻分类 分类名称:删除','中兴'),(667,'2021-01-29 09:54:28','2021-01-29 09:54:28','编辑新闻分类 分类名称:删除','中兴'),(668,'2021-01-29 09:54:45','2021-01-29 09:54:45','删除新闻分类 分类ID：2','中兴'),(669,'2021-01-29 10:03:00','2021-01-29 10:03:00','用户【中兴】于【2021-01-29 10:03:00】登录系统！','中兴'),(670,'2021-01-29 10:03:07','2021-01-29 10:03:07','添加菜单信息【Menu [name=新闻列表管理, parent=Menu [name=null, parent=null, url=null, icon=null, sort=0, isButton=false, isShow=true], url=/admin/news/list, icon=mdi-tooltip-image, sort=76, isButton=false, isShow=true]】','中兴'),(671,'2021-01-29 10:03:14','2021-01-29 10:03:14','机构【上海浦东新区中间交易所】于【2021-01-29 10:03:14】登录系统！','未知(获取登录用户失败)'),(672,'2021-01-29 10:04:07','2021-01-29 10:04:07','添加菜单信息【Menu [name=添加, parent=Menu [name=null, parent=null, url=null, icon=null, sort=0, isButton=false, isShow=true], url=/admin/news/add, icon=mdi-sticker-emoji, sort=77, isButton=false, isShow=true]】','中兴'),(673,'2021-01-29 10:04:54','2021-01-29 10:04:54','添加菜单信息【Menu [name=删除, parent=Menu [name=null, parent=null, url=null, icon=null, sort=0, isButton=false, isShow=true], url=del(\'/admin/news/delete\'), icon=mdi-delete-sweep, sort=78, isButton=true, isShow=true]】','中兴'),(674,'2021-01-29 10:05:34','2021-01-29 10:05:34','编辑菜单信息【Menu [name=添加, parent=Menu [name=null, parent=null, url=null, icon=null, sort=0, isButton=false, isShow=true], url=/admin/news/add, icon=mdi-sticker-emoji, sort=77, isButton=false, isShow=true]】','中兴'),(675,'2021-01-29 10:05:43','2021-01-29 10:05:43','编辑角色【超级管理员】','中兴'),(676,'2021-01-29 10:07:00','2021-01-29 10:07:00','用户【中兴】于【2021-01-29 10:07:00】登录系统！','中兴'),(677,'2021-01-29 10:07:21','2021-01-29 10:07:21','机构【上海浦东新区中间交易所】于【2021-01-29 10:07:21】登录系统！','未知(获取登录用户失败)'),(678,'2021-01-29 10:13:30','2021-01-29 10:13:30','用户【中兴】于【2021-01-29 10:13:30】登录系统！','中兴'),(679,'2021-01-29 10:34:24','2021-01-29 10:34:24','用户【中兴】于【2021-01-29 10:34:24】登录系统！','中兴'),(680,'2021-01-29 10:52:20','2021-01-29 10:52:20','用户【中兴】于【2021-01-29 10:52:20】登录系统！','中兴'),(681,'2021-01-29 10:54:41','2021-01-29 10:54:41','用户【中兴】于【2021-01-29 10:54:41】登录系统！','中兴'),(682,'2021-01-29 10:58:41','2021-01-29 10:58:41','用户【中兴】于【2021-01-29 10:58:41】登录系统！','中兴'),(683,'2021-01-29 11:01:24','2021-01-29 11:01:24','用户【中兴】于【2021-01-29 11:01:24】登录系统！','中兴'),(684,'2021-01-29 11:02:00','2021-01-29 11:02:00','用户【中兴】于【2021-01-29 11:02:00】登录系统！','中兴'),(685,'2021-01-29 11:28:03','2021-01-29 11:28:03','编辑菜单信息【Menu [name=机构列表, parent=Menu [name=null, parent=null, url=null, icon=null, sort=0, isButton=false, isShow=true], url=/admin/organization/list, icon=mdi-chip, sort=33, isButton=false, isShow=true]】','中兴'),(686,'2021-01-29 12:10:08','2021-01-29 12:10:08','用户【中兴】于【2021-01-29 12:10:08】登录系统！','中兴'),(687,'2021-01-29 12:17:06','2021-01-29 12:17:06','添加菜单信息【Menu [name=前台用户提现记录, parent=Menu [name=null, parent=null, url=null, icon=null, sort=0, isButton=false, isShow=true], url=/admin/homeUser/wr_list, icon=mdi-currency-cny, sort=0, isButton=false, isShow=true]】','中兴'),(688,'2021-01-29 12:17:24','2021-01-29 12:17:24','编辑菜单信息【Menu [name=前台用户提现记录, parent=Menu [name=null, parent=null, url=null, icon=null, sort=0, isButton=false, isShow=true], url=/admin/homeUser/wr_list, icon=mdi-currency-cny, sort=79, isButton=false, isShow=true]】','中兴'),(689,'2021-01-29 12:24:47','2021-01-29 12:24:47','添加菜单信息【Menu [name=审批, parent=Menu [name=null, parent=null, url=null, icon=null, sort=0, isButton=false, isShow=true], url=/admin/homeUser/approval, icon=mdi-account-settings-variant, sort=80, isButton=false, isShow=false]】','中兴'),(690,'2021-01-29 12:25:29','2021-01-29 12:25:29','编辑角色【超级管理员】','中兴'),(691,'2021-01-29 12:25:47','2021-01-29 12:25:47','用户【中兴】于【2021-01-29 12:25:47】登录系统！','中兴'),(692,'2021-01-29 12:35:30','2021-01-29 12:35:30','用户【中兴】于【2021-01-29 12:35:30】登录系统！','中兴'),(693,'2021-01-29 16:00:03','2021-01-29 16:00:03','机构【添加	1810数媒】于【2021-01-29 16:00:03】登录系统！','未知(获取登录用户失败)'),(694,'2021-01-29 16:30:39','2021-01-29 16:30:39','用户【中兴】于【2021-01-29 16:30:39】登录系统！','中兴'),(695,'2021-01-29 16:34:23','2021-01-29 16:34:23','机构【上海浦东新区中间交易所】于【2021-01-29 16:34:23】登录系统！','未知(获取登录用户失败)'),(696,'2021-01-29 17:00:22','2021-01-29 17:00:22','机构【添加	1810数媒】于【2021-01-29 17:00:22】登录系统！','未知(获取登录用户失败)'),(697,'2021-01-29 17:00:43','2021-01-29 17:00:43','机构【添加	1810数媒】于【2021-01-29 17:00:43】登录系统！','未知(获取登录用户失败)'),(698,'2021-01-29 17:11:37','2021-01-29 17:11:37','用户【中兴】于【2021-01-29 17:11:37】登录系统！','中兴'),(699,'2021-01-29 17:12:15','2021-01-29 17:12:15','机构【添加	1810数媒】于【2021-01-29 17:12:15】登录系统！','未知(获取登录用户失败)'),(700,'2021-01-29 18:11:40','2021-01-29 18:11:40','用户【中兴】于【2021-01-29 18:11:39】登录系统！','中兴'),(701,'2021-01-30 13:51:49','2021-01-30 13:51:49','用户【中兴】于【2021-01-30 13:51:49】登录系统！','中兴'),(702,'2021-01-30 13:52:26','2021-01-30 13:52:26','编辑菜单信息【Menu [name=新闻通知管理, parent=null, url=, icon=mdi-content-copy, sort=71, isButton=false, isShow=true]】','中兴'),(703,'2021-01-30 13:53:53','2021-01-30 13:53:53','添加菜单信息【Menu [name=通知管理, parent=Menu [name=null, parent=null, url=null, icon=null, sort=0, isButton=false, isShow=true], url=/admin/inform/list, icon=mdi-windows, sort=81, isButton=true, isShow=true]】','中兴'),(704,'2021-01-30 13:54:03','2021-01-30 13:54:03','编辑菜单信息【Menu [name=通知管理, parent=Menu [name=null, parent=null, url=null, icon=null, sort=0, isButton=false, isShow=true], url=/admin/inform/list, icon=mdi-windows, sort=81, isButton=false, isShow=true]】','中兴'),(705,'2021-01-30 13:55:17','2021-01-30 13:55:17','添加菜单信息【Menu [name=添加, parent=Menu [name=null, parent=null, url=null, icon=null, sort=0, isButton=false, isShow=true], url=/admin/inform/add, icon=mdi-plus, sort=82, isButton=false, isShow=true]】','中兴'),(706,'2021-01-30 13:56:13','2021-01-30 13:56:13','添加菜单信息【Menu [name=删除, parent=Menu [name=null, parent=null, url=null, icon=null, sort=0, isButton=false, isShow=true], url=del(\'/admin/inform/delete\'), icon=mdi-delete-forever, sort=83, isButton=true, isShow=true]】','中兴'),(707,'2021-01-30 13:56:39','2021-01-30 13:56:39','编辑角色【超级管理员】','中兴'),(708,'2021-01-30 13:56:53','2021-01-30 13:56:53','用户【中兴】于【2021-01-30 13:56:52】登录系统！','中兴'),(709,'2021-01-30 13:58:37','2021-01-30 13:58:37','用户【中兴】于【2021-01-30 13:58:37】登录系统！','中兴'),(710,'2021-01-30 14:06:51','2021-01-30 14:06:51','用户【中兴】于【2021-01-30 14:06:51】登录系统！','中兴'),(711,'2021-01-30 14:10:27','2021-01-30 14:10:27','机构【上海浦东新区中间交易所】于【2021-01-30 14:10:27】登录系统！','未知(获取登录用户失败)'),(712,'2021-01-30 14:15:58','2021-01-30 14:15:58','添加新闻分类 分类名称:添加1','中兴'),(713,'2021-01-30 14:16:01','2021-01-30 14:16:01','编辑新闻分类 分类名称:添加1','中兴'),(714,'2021-01-30 14:44:58','2021-01-30 14:44:58','用户【中兴】于【2021-01-30 14:44:58】登录系统！','中兴'),(715,'2021-01-30 14:51:18','2021-01-30 14:51:18','机构【上海浦东新区中间交易所】于【2021-01-30 14:51:18】登录系统！','未知(获取登录用户失败)'),(716,'2021-01-30 14:53:10','2021-01-30 14:53:10','用户【中兴】于【2021-01-30 14:53:10】登录系统！','中兴'),(717,'2021-01-30 14:53:23','2021-01-30 14:53:23','机构【上海浦东新区中间交易所】于【2021-01-30 14:53:23】登录系统！','未知(获取登录用户失败)'),(718,'2021-01-30 14:57:29','2021-01-30 14:57:29','机构【上海浦东新区中间交易所】于【2021-01-30 14:57:29】登录系统！','未知(获取登录用户失败)'),(719,'2021-01-30 14:58:34','2021-01-30 14:58:34','编辑竞拍，标题名称：丰田雷凌','未知(获取登录用户失败)'),(720,'2021-01-30 15:06:33','2021-01-30 15:06:33','用户【中兴】于【2021-01-30 15:06:33】登录系统！','中兴'),(721,'2021-01-30 15:07:33','2021-01-30 15:07:33','编辑新闻分类 分类名称:公益','中兴'),(722,'2021-01-30 15:07:40','2021-01-30 15:07:40','编辑新闻分类 分类名称:校园','中兴'),(723,'2021-01-30 15:07:46','2021-01-30 15:07:46','添加新闻分类 分类名称:社会','中兴'),(724,'2021-01-30 15:07:53','2021-01-30 15:07:53','添加新闻分类 分类名称:其他','中兴'),(725,'2021-01-30 15:24:04','2021-01-30 15:24:04','机构【上海浦东新区中间交易所】于【2021-01-30 15:24:04】登录系统！','未知(获取登录用户失败)'),(726,'2021-01-30 15:24:27','2021-01-30 15:24:27','用户【中兴】于【2021-01-30 15:24:27】登录系统！','中兴'),(727,'2021-01-30 15:25:05','2021-01-30 15:25:05','机构【上海浦东新区中间交易所】于【2021-01-30 15:25:05】登录系统！','未知(获取登录用户失败)'),(728,'2021-01-30 15:25:54','2021-01-30 15:25:54','编辑竞拍，标题名称：丰田雷凌','未知(获取登录用户失败)'),(729,'2021-01-30 15:26:08','2021-01-30 15:26:08','用户【中兴】于【2021-01-30 15:26:08】登录系统！','中兴'),(730,'2021-01-30 15:26:36','2021-01-30 15:26:36','机构【上海浦东新区中间交易所】于【2021-01-30 15:26:36】登录系统！','未知(获取登录用户失败)'),(731,'2021-01-30 15:29:02','2021-01-30 15:29:02','机构【上海浦东新区中间交易所】于【2021-01-30 15:29:02】登录系统！','未知(获取登录用户失败)'),(732,'2021-01-30 15:46:13','2021-01-30 15:46:13','编辑角色【超级管理员】','中兴'),(733,'2021-01-30 15:46:27','2021-01-30 15:46:27','用户【中兴】于【2021-01-30 15:46:27】登录系统！','中兴'),(734,'2021-01-30 16:04:11','2021-01-30 16:04:11','添加竞拍，标题名称：一次竞拍','未知(获取登录用户失败)'),(735,'2021-01-30 16:20:17','2021-01-30 16:20:17','用户【中兴】于【2021-01-30 16:20:17】登录系统！','中兴'),(736,'2021-01-30 16:22:10','2021-01-30 16:22:10','机构【上海浦东新区中间交易所】于【2021-01-30 16:22:10】登录系统！','未知(获取登录用户失败)'),(737,'2021-01-30 16:22:42','2021-01-30 16:22:42','用户【中兴】于【2021-01-30 16:22:42】登录系统！','中兴'),(738,'2021-01-30 16:24:48','2021-01-30 16:24:48','机构【上海浦东新区中间交易所】于【2021-01-30 16:24:48】登录系统！','未知(获取登录用户失败)'),(739,'2021-01-30 16:40:49','2021-01-30 16:40:49','机构【上海浦东新区中间交易所】于【2021-01-30 16:40:49】登录系统！','未知(获取登录用户失败)'),(740,'2021-01-30 16:43:51','2021-01-30 16:43:51','用户【中兴】于【2021-01-30 16:43:51】登录系统！','中兴'),(741,'2021-01-30 16:56:51','2021-01-30 16:56:51','用户【中兴】于【2021-01-30 16:56:51】登录系统！','中兴'),(742,'2021-01-30 16:57:21','2021-01-30 16:57:21','用户【中兴】于【2021-01-30 16:57:20】登录系统！','中兴'),(743,'2021-01-30 16:57:26','2021-01-30 16:57:26','编辑角色【超级管理员】','中兴'),(744,'2021-01-30 16:57:38','2021-01-30 16:57:38','机构【上海浦东新区中间交易所】于【2021-01-30 16:57:38】登录系统！','未知(获取登录用户失败)'),(745,'2021-01-30 16:57:41','2021-01-30 16:57:41','机构【上海浦东新区中间交易所】于【2021-01-30 16:57:41】登录系统！','未知(获取登录用户失败)'),(746,'2021-01-30 16:57:51','2021-01-30 16:57:51','用户【中兴】于【2021-01-30 16:57:51】登录系统！','中兴'),(747,'2021-01-30 16:57:59','2021-01-30 16:57:59','编辑竞拍，标题名称：一次竞拍','未知(获取登录用户失败)'),(748,'2021-01-30 16:58:18','2021-01-30 16:58:18','用户【中兴】于【2021-01-30 16:58:18】登录系统！','中兴'),(749,'2021-01-30 16:59:24','2021-01-30 16:59:24','用户【中兴】于【2021-01-30 16:59:24】登录系统！','中兴'),(750,'2021-01-30 16:59:49','2021-01-30 16:59:49','机构【上海浦东新区中间交易所】于【2021-01-30 16:59:49】登录系统！','未知(获取登录用户失败)'),(751,'2021-01-30 17:05:02','2021-01-30 17:05:02','机构【上海浦东新区中间交易所】于【2021-01-30 17:05:02】登录系统！','未知(获取登录用户失败)'),(752,'2021-01-30 17:07:52','2021-01-30 17:07:52','用户【中兴】于【2021-01-30 17:07:52】登录系统！','中兴'),(753,'2021-01-30 17:12:33','2021-01-30 17:12:33','编辑竞拍，标题名称：丰田雷凌','未知(获取登录用户失败)'),(754,'2021-01-30 17:12:56','2021-01-30 17:12:56','用户【中兴】于【2021-01-30 17:12:56】登录系统！','中兴'),(755,'2021-01-30 17:13:08','2021-01-30 17:13:08','用户【中兴】于【2021-01-30 17:13:08】登录系统！','中兴'),(756,'2021-01-30 17:13:36','2021-01-30 17:13:36','机构【上海浦东新区中间交易所】于【2021-01-30 17:13:36】登录系统！','未知(获取登录用户失败)'),(757,'2021-01-30 17:18:24','2021-01-30 17:18:24','机构【上海浦东新区中间交易所】于【2021-01-30 17:18:24】登录系统！','未知(获取登录用户失败)'),(758,'2021-01-30 17:20:16','2021-01-30 17:20:16','用户【中兴】于【2021-01-30 17:20:16】登录系统！','中兴'),(759,'2021-01-30 17:20:38','2021-01-30 17:20:38','机构【上海浦东新区中间交易所】于【2021-01-30 17:20:38】登录系统！','未知(获取登录用户失败)'),(760,'2021-01-30 17:20:58','2021-01-30 17:20:58','编辑竞拍，标题名称：一次竞拍','未知(获取登录用户失败)'),(761,'2021-02-01 09:01:26','2021-02-01 09:01:26','机构【上海浦东新区中间交易所】于【2021-02-01 09:01:26】登录系统！','未知(获取登录用户失败)'),(762,'2021-02-01 09:32:24','2021-02-01 09:32:24','机构【上海浦东新区中间交易所】于【2021-02-01 09:32:24】登录系统！','未知(获取登录用户失败)'),(763,'2021-02-01 09:39:25','2021-02-01 09:39:25','机构【上海浦东新区中间交易所】于【2021-02-01 09:39:25】登录系统！','未知(获取登录用户失败)'),(764,'2021-02-01 09:44:45','2021-02-01 09:44:45','添加竞拍，标题名称：芬尊男士手表','未知(获取登录用户失败)'),(765,'2021-02-01 09:45:02','2021-02-01 09:45:02','用户【中兴】于【2021-02-01 09:45:02】登录系统！','中兴'),(766,'2021-02-01 09:48:53','2021-02-01 09:48:53','机构【上海浦东新区中间交易所】于【2021-02-01 09:48:53】登录系统！','未知(获取登录用户失败)'),(767,'2021-02-01 09:49:17','2021-02-01 09:49:17','编辑竞拍，标题名称：芬尊男士手表','未知(获取登录用户失败)'),(768,'2021-02-01 09:49:32','2021-02-01 09:49:32','用户【中兴】于【2021-02-01 09:49:32】登录系统！','中兴'),(769,'2021-02-01 10:03:30','2021-02-01 10:03:30','用户【中兴】于【2021-02-01 10:03:30】登录系统！','中兴'),(770,'2021-02-01 10:03:48','2021-02-01 10:03:48','机构【上海浦东新区中间交易所】于【2021-02-01 10:03:48】登录系统！','未知(获取登录用户失败)'),(771,'2021-02-01 10:13:46','2021-02-01 10:13:46','编辑竞拍，标题名称：芬尊男士手表','未知(获取登录用户失败)'),(772,'2021-02-01 10:14:06','2021-02-01 10:14:06','用户【中兴】于【2021-02-01 10:14:06】登录系统！','中兴'),(773,'2021-02-01 10:43:40','2021-02-01 10:43:40','机构【上海浦东新区中间交易所】于【2021-02-01 10:43:40】登录系统！','未知(获取登录用户失败)'),(774,'2021-02-01 10:43:56','2021-02-01 10:43:56','编辑竞拍，标题名称：芬尊男士手表','未知(获取登录用户失败)'),(775,'2021-02-01 10:44:08','2021-02-01 10:44:08','用户【中兴】于【2021-02-01 10:44:07】登录系统！','中兴'),(776,'2021-02-01 10:47:20','2021-02-01 10:47:20','用户【中兴】于【2021-02-01 10:47:20】登录系统！','中兴'),(777,'2021-02-01 10:51:57','2021-02-01 10:51:57','用户【中兴】于【2021-02-01 10:51:57】登录系统！','中兴'),(778,'2021-02-01 11:14:15','2021-02-01 11:14:15','用户【中兴】于【2021-02-01 11:14:15】登录系统！','中兴'),(779,'2021-02-01 11:14:43','2021-02-01 11:14:43','添加新闻分类 分类名称:	公益','中兴'),(780,'2021-02-01 11:17:15','2021-02-01 11:17:15','编辑新闻分类 分类名称:公益1','中兴'),(781,'2021-02-01 11:17:29','2021-02-01 11:17:29','删除新闻分类 分类ID：6','中兴'),(782,'2021-02-01 13:26:35','2021-02-01 13:26:35','用户【中兴】于【2021-02-01 13:26:35】登录系统！','中兴'),(783,'2021-02-01 13:58:09','2021-02-01 13:58:09','机构【上海浦东新区中间交易所】于【2021-02-01 13:58:09】登录系统！','未知(获取登录用户失败)'),(784,'2021-02-01 14:07:22','2021-02-01 14:07:22','机构【上海浦东新区中间交易所】于【2021-02-01 14:07:22】登录系统！','未知(获取登录用户失败)'),(785,'2021-02-01 14:09:10','2021-02-01 14:09:10','机构【上海浦东新区中间交易所】于【2021-02-01 14:09:10】登录系统！','未知(获取登录用户失败)'),(786,'2021-02-01 14:13:04','2021-02-01 14:13:04','用户【中兴】于【2021-02-01 14:13:04】登录系统！','中兴'),(787,'2021-02-01 14:15:21','2021-02-01 14:15:21','机构【上海浦东新区中间交易所】于【2021-02-01 14:15:21】登录系统！','未知(获取登录用户失败)'),(788,'2021-02-01 14:21:01','2021-02-01 14:21:01','机构【上海浦东新区中间交易所】于【2021-02-01 14:21:01】登录系统！','未知(获取登录用户失败)'),(789,'2021-02-01 14:22:19','2021-02-01 14:22:19','机构【北京交易中心】于【2021-02-01 14:22:19】登录系统！','未知(获取登录用户失败)'),(790,'2021-02-01 14:34:05','2021-02-01 14:34:05','用户【中兴】于【2021-02-01 14:34:05】登录系统！','中兴'),(791,'2021-02-01 14:34:22','2021-02-01 14:34:22','机构【上海浦东新区中间交易所】于【2021-02-01 14:34:22】登录系统！','未知(获取登录用户失败)'),(792,'2021-02-01 14:34:50','2021-02-01 14:34:50','机构【北京交易中心】于【2021-02-01 14:34:50】登录系统！','未知(获取登录用户失败)'),(793,'2021-02-01 14:36:09','2021-02-01 14:36:09','机构【上海浦东新区中间交易所】于【2021-02-01 14:36:09】登录系统！','未知(获取登录用户失败)'),(794,'2021-02-01 14:36:30','2021-02-01 14:36:30','机构【北京交易中心】于【2021-02-01 14:36:30】登录系统！','未知(获取登录用户失败)'),(795,'2021-02-01 14:40:19','2021-02-01 14:40:19','用户【中兴】于【2021-02-01 14:40:19】登录系统！','中兴'),(796,'2021-02-01 14:40:54','2021-02-01 14:40:54','机构【北京交易中心】于【2021-02-01 14:40:54】登录系统！','未知(获取登录用户失败)'),(797,'2021-02-01 14:44:03','2021-02-01 14:44:03','用户【中兴】于【2021-02-01 14:44:03】登录系统！','中兴'),(798,'2021-02-01 14:44:13','2021-02-01 14:44:13','机构【北京交易中心】于【2021-02-01 14:44:13】登录系统！','未知(获取登录用户失败)'),(799,'2021-02-01 14:53:12','2021-02-01 14:53:12','用户【中兴】于【2021-02-01 14:53:12】登录系统！','中兴'),(800,'2021-02-01 14:53:41','2021-02-01 14:53:41','机构【上海浦东新区中间交易所】于【2021-02-01 14:53:41】登录系统！','未知(获取登录用户失败)'),(801,'2021-02-01 15:28:23','2021-02-01 15:28:23','机构【上海浦东新区中间交易所】于【2021-02-01 15:28:23】登录系统！','未知(获取登录用户失败)'),(802,'2021-02-01 15:42:32','2021-02-01 15:42:32','用户【中兴】于【2021-02-01 15:42:32】登录系统！','中兴'),(803,'2021-02-01 16:14:14','2021-02-01 16:14:14','用户【中兴】于【2021-02-01 16:14:14】登录系统！','中兴'),(804,'2021-02-01 17:54:40','2021-02-01 17:54:40','用户【中兴】于【2021-02-01 17:54:40】登录系统！','中兴'),(805,'2021-02-01 18:03:25','2021-02-01 18:03:25','机构【上海浦东新区中间交易所】于【2021-02-01 18:03:25】登录系统！','未知(获取登录用户失败)'),(806,'2021-02-01 18:25:27','2021-02-01 18:25:27','机构【上海浦东新区中间交易所】于【2021-02-01 18:25:27】登录系统！','未知(获取登录用户失败)'),(807,'2021-02-01 18:25:43','2021-02-01 18:25:43','用户【中兴】于【2021-02-01 18:25:43】登录系统！','中兴'),(808,'2021-02-01 18:26:02','2021-02-01 18:26:02','用户【中兴】于【2021-02-01 18:26:02】登录系统！','中兴'),(809,'2021-02-01 18:27:28','2021-02-01 18:27:28','用户【中兴】于【2021-02-01 18:27:28】登录系统！','中兴'),(810,'2021-02-01 18:29:18','2021-02-01 18:29:18','机构【上海浦东新区中间交易所】于【2021-02-01 18:29:18】登录系统！','未知(获取登录用户失败)'),(811,'2021-02-01 18:32:40','2021-02-01 18:32:40','添加菜单信息【Menu [name=查看留言, parent=Menu [name=null, parent=null, url=null, icon=null, sort=0, isButton=false, isShow=true], url=showMsg(\'/admin/bidding/msg_list\'), icon=mdi-help-circle-outline, sort=84, isButton=true, isShow=true]】','中兴'),(812,'2021-02-01 18:35:29','2021-02-01 18:35:29','删除菜单信息，菜单ID【49】','中兴'),(813,'2021-02-01 18:36:50','2021-02-01 18:36:50','编辑角色【企业】','中兴'),(814,'2021-02-01 18:37:02','2021-02-01 18:37:02','机构【上海浦东新区中间交易所】于【2021-02-01 18:37:02】登录系统！','未知(获取登录用户失败)'),(815,'2021-02-01 18:39:24','2021-02-01 18:39:24','用户【中兴】于【2021-02-01 18:39:24】登录系统！','中兴'),(816,'2021-02-01 18:39:49','2021-02-01 18:39:49','机构【上海浦东新区中间交易所】于【2021-02-01 18:39:49】登录系统！','未知(获取登录用户失败)'),(817,'2021-02-01 18:41:00','2021-02-01 18:41:00','机构【上海浦东新区中间交易所】于【2021-02-01 18:40:59】登录系统！','未知(获取登录用户失败)'),(818,'2021-02-01 18:42:26','2021-02-01 18:42:26','机构【上海浦东新区中间交易所】于【2021-02-01 18:42:26】登录系统！','未知(获取登录用户失败)'),(819,'2021-02-01 18:49:20','2021-02-01 18:49:20','机构【上海浦东新区中间交易所】于【2021-02-01 18:49:20】登录系统！','未知(获取登录用户失败)'),(820,'2021-02-01 18:51:11','2021-02-01 18:51:11','用户【中兴】于【2021-02-01 18:51:11】登录系统！','中兴'),(821,'2021-02-01 18:51:26','2021-02-01 18:51:26','机构【上海浦东新区中间交易所】于【2021-02-01 18:51:26】登录系统！','未知(获取登录用户失败)'),(822,'2021-02-01 19:17:45','2021-02-01 19:17:45','机构【上海浦东新区中间交易所】于【2021-02-01 19:17:45】登录系统！','未知(获取登录用户失败)'),(823,'2021-02-01 19:19:37','2021-02-01 19:19:37','机构【上海浦东新区中间交易所】于【2021-02-01 19:19:37】登录系统！','未知(获取登录用户失败)'),(824,'2021-02-01 19:20:52','2021-02-01 19:20:52','用户【中兴】于【2021-02-01 19:20:52】登录系统！','中兴'),(825,'2021-02-01 19:22:17','2021-02-01 19:22:17','添加菜单信息【Menu [name=回复, parent=Menu [name=null, parent=null, url=null, icon=null, sort=0, isButton=false, isShow=true], url=/admin/bidding/reply, icon=mdi-power-socket-us, sort=85, isButton=false, isShow=false]】','中兴'),(826,'2021-02-01 19:23:28','2021-02-01 19:23:28','编辑角色【企业】','中兴'),(827,'2021-02-01 19:23:46','2021-02-01 19:23:46','机构【上海浦东新区中间交易所】于【2021-02-01 19:23:46】登录系统！','未知(获取登录用户失败)'),(828,'2021-02-02 09:11:56','2021-02-02 09:11:56','用户【中兴】于【2021-02-02 09:11:56】登录系统！','中兴'),(829,'2021-02-02 09:13:19','2021-02-02 09:13:19','机构【上海浦东新区中间交易所】于【2021-02-02 09:13:19】登录系统！','未知(获取登录用户失败)'),(830,'2021-02-02 09:16:37','2021-02-02 09:16:37','用户【中兴】于【2021-02-02 09:16:37】登录系统！','中兴'),(831,'2021-02-02 09:17:07','2021-02-02 09:17:07','机构【上海浦东新区中间交易所】于【2021-02-02 09:17:07】登录系统！','未知(获取登录用户失败)'),(832,'2021-02-02 09:19:15','2021-02-02 09:19:15','用户【中兴】于【2021-02-02 09:19:15】登录系统！','中兴'),(833,'2021-02-02 09:19:30','2021-02-02 09:19:30','机构【上海浦东新区中间交易所】于【2021-02-02 09:19:30】登录系统！','未知(获取登录用户失败)'),(834,'2021-02-02 10:00:18','2021-02-02 10:00:18','用户【中兴】于【2021-02-02 10:00:18】登录系统！','中兴'),(835,'2021-02-02 10:00:53','2021-02-02 10:00:53','机构【上海浦东新区中间交易所】于【2021-02-02 10:00:53】登录系统！','未知(获取登录用户失败)'),(836,'2021-02-02 10:06:34','2021-02-02 10:06:34','添加竞拍，标题名称：斯柯达牌小型轿车','未知(获取登录用户失败)'),(837,'2021-02-02 10:06:49','2021-02-02 10:06:49','用户【中兴】于【2021-02-02 10:06:49】登录系统！','中兴'),(838,'2021-02-02 10:09:26','2021-02-02 10:09:26','机构【上海浦东新区中间交易所】于【2021-02-02 10:09:26】登录系统！','未知(获取登录用户失败)'),(839,'2021-02-02 10:09:49','2021-02-02 10:09:49','用户【中兴】于【2021-02-02 10:09:49】登录系统！','中兴'),(840,'2021-02-02 10:11:00','2021-02-02 10:11:00','机构【上海浦东新区中间交易所】于【2021-02-02 10:11:00】登录系统！','未知(获取登录用户失败)'),(841,'2021-02-02 10:11:17','2021-02-02 10:11:17','用户【中兴】于【2021-02-02 10:11:17】登录系统！','中兴'),(842,'2021-02-02 10:11:35','2021-02-02 10:11:35','用户【中兴】于【2021-02-02 10:11:35】登录系统！','中兴'),(843,'2021-02-02 10:11:47','2021-02-02 10:11:47','机构【上海浦东新区中间交易所】于【2021-02-02 10:11:47】登录系统！','未知(获取登录用户失败)'),(844,'2021-02-02 10:12:03','2021-02-02 10:12:03','用户【中兴】于【2021-02-02 10:12:03】登录系统！','中兴'),(845,'2021-02-02 10:18:58','2021-02-02 10:18:58','用户【中兴】于【2021-02-02 10:18:58】登录系统！','中兴'),(846,'2021-02-02 10:24:11','2021-02-02 10:24:11','机构【上海浦东新区中间交易所】于【2021-02-02 10:24:11】登录系统！','未知(获取登录用户失败)'),(847,'2021-02-02 10:27:53','2021-02-02 10:27:53','机构【北京交易中心】于【2021-02-02 10:27:53】登录系统！','未知(获取登录用户失败)'),(848,'2021-02-02 10:32:53','2021-02-02 10:32:53','机构【北京交易中心】于【2021-02-02 10:32:53】登录系统！','未知(获取登录用户失败)'),(849,'2021-02-02 10:33:36','2021-02-02 10:33:36','机构【北京交易中心】于【2021-02-02 10:33:36】登录系统！','未知(获取登录用户失败)'),(850,'2021-02-02 10:46:29','2021-02-02 10:46:29','机构【上海浦东新区中间交易所】于【2021-02-02 10:46:29】登录系统！','未知(获取登录用户失败)'),(851,'2021-02-02 10:47:46','2021-02-02 10:47:46','编辑竞拍，标题名称：斯柯达牌小型轿车','未知(获取登录用户失败)'),(852,'2021-02-02 10:47:56','2021-02-02 10:47:56','机构【上海浦东新区中间交易所】于【2021-02-02 10:47:56】登录系统！','未知(获取登录用户失败)'),(853,'2021-02-02 10:48:33','2021-02-02 10:48:33','用户【中兴】于【2021-02-02 10:48:33】登录系统！','中兴'),(854,'2021-02-02 14:15:55','2021-02-02 14:15:55','用户【中兴】于【2021-02-02 14:15:55】登录系统！','中兴'),(855,'2021-02-02 17:27:32','2021-02-02 17:27:32','机构【上海浦东新区中间交易所】于【2021-02-02 17:27:32】登录系统！','未知(获取登录用户失败)'),(856,'2021-02-02 18:24:42','2021-02-02 18:24:42','用户【中兴】于【2021-02-02 18:24:42】登录系统！','中兴'),(857,'2021-02-02 18:26:08','2021-02-02 18:26:08','添加菜单信息【Menu [name=设置逾期, parent=Menu [name=null, parent=null, url=null, icon=null, sort=0, isButton=false, isShow=true], url=/admin/bidding/set_overdue, icon=mdi-emoticon-dead, sort=86, isButton=false, isShow=false]】','中兴'),(858,'2021-02-02 18:26:21','2021-02-02 18:26:21','编辑角色【企业】','中兴'),(859,'2021-02-02 18:26:33','2021-02-02 18:26:33','机构【上海浦东新区中间交易所】于【2021-02-02 18:26:33】登录系统！','未知(获取登录用户失败)'),(860,'2021-02-02 18:30:05','2021-02-02 18:30:05','机构【上海浦东新区中间交易所】于【2021-02-02 18:30:05】登录系统！','未知(获取登录用户失败)'),(861,'2021-02-02 18:50:30','2021-02-02 18:50:30','用户【中兴】于【2021-02-02 18:50:30】登录系统！','中兴'),(862,'2021-02-03 09:36:08','2021-02-03 09:36:08','用户【中兴】于【2021-02-03 09:36:08】登录系统！','中兴'),(863,'2021-02-03 10:05:20','2021-02-03 10:05:20','删除审批记录,记录ID：11','中兴'),(864,'2021-02-03 10:08:53','2021-02-03 10:08:53','添加新闻分类 分类名称:阿萨德','中兴'),(865,'2021-02-03 10:09:21','2021-02-03 10:09:21','编辑菜单信息【Menu [name=新闻分类管理, parent=Menu [name=null, parent=null, url=null, icon=null, sort=0, isButton=false, isShow=true], url=/admin/news_type/list, icon=mdi-vlc, sort=72, isButton=false, isShow=true]】','中兴'),(866,'2021-02-03 10:09:35','2021-02-03 10:09:35','编辑新闻分类 分类名称:阿萨德','中兴'),(867,'2021-02-03 10:09:56','2021-02-03 10:09:56','编辑新闻分类 分类名称:分类','中兴'),(868,'2021-02-03 10:10:11','2021-02-03 10:10:11','删除新闻分类 分类ID：7','中兴'),(869,'2021-02-03 10:11:11','2021-02-03 10:11:11','编辑菜单信息【Menu [name=机构管理, parent=Menu [name=null, parent=null, url=null, icon=null, sort=0, isButton=false, isShow=true], url=/admin/organization/list, icon=mdi-chip, sort=33, isButton=false, isShow=true]】','中兴'),(870,'2021-02-03 10:12:03','2021-02-03 10:12:03','编辑新闻分类 分类名称:公益','中兴'),(871,'2021-02-03 10:30:53','2021-02-03 10:30:53','机构【北京交易中心】于【2021-02-03 10:30:53】登录系统！','未知(获取登录用户失败)'),(872,'2021-02-03 10:44:29','2021-02-03 10:44:29','机构【北京交易中心】于【2021-02-03 10:44:29】登录系统！','未知(获取登录用户失败)'),(873,'2021-02-03 10:48:54','2021-02-03 10:48:54','添加竞拍，标题名称：1234','未知(获取登录用户失败)'),(874,'2021-02-03 10:50:06','2021-02-03 10:50:06','添加竞拍，标题名称：一场拍卖','未知(获取登录用户失败)'),(875,'2021-02-03 10:55:55','2021-02-03 10:55:55','添加竞拍，标题名称：1234','未知(获取登录用户失败)'),(876,'2021-02-03 10:56:30','2021-02-03 10:56:30','编辑竞拍，标题名称：1234','未知(获取登录用户失败)'),(877,'2021-02-03 11:01:15','2021-02-03 11:01:15','添加竞拍，标题名称：11234','未知(获取登录用户失败)'),(878,'2021-02-03 11:05:11','2021-02-03 11:05:11','添加竞拍，标题名称：1234','未知(获取登录用户失败)'),(879,'2021-02-03 11:10:02','2021-02-03 11:10:02','删除竞拍,竞拍ID：6','未知(获取登录用户失败)'),(880,'2021-02-03 11:10:15','2021-02-03 11:10:15','编辑竞拍，标题名称：一场拍卖','未知(获取登录用户失败)'),(881,'2021-02-03 11:22:41','2021-02-03 11:22:41','机构【北京交易中心】于【2021-02-03 11:22:41】登录系统！','未知(获取登录用户失败)'),(882,'2021-02-03 11:28:59','2021-02-03 11:28:59','机构【123456】于【2021-02-03 11:28:59】登录系统！','未知(获取登录用户失败)'),(883,'2021-02-03 11:32:39','2021-02-03 11:32:39','添加竞拍，标题名称：1234','未知(获取登录用户失败)'),(884,'2021-02-03 11:34:33','2021-02-03 11:34:33','添加竞拍，标题名称：1234','未知(获取登录用户失败)'),(885,'2021-02-03 13:40:54','2021-02-03 13:40:54','用户【中兴】于【2021-02-03 13:40:54】登录系统！','中兴'),(886,'2021-02-03 13:44:36','2021-02-03 13:44:36','机构【上海浦东新区中间交易所】于【2021-02-03 13:44:36】登录系统！','上海浦东新区中间交易所'),(887,'2021-02-03 13:45:30','2021-02-03 13:45:30','用户【中兴】于【2021-02-03 13:45:30】登录系统！','中兴'),(888,'2021-02-03 13:48:15','2021-02-03 13:48:15','用户【中兴】于【2021-02-03 13:48:15】登录系统！','中兴'),(889,'2021-02-03 13:56:36','2021-02-03 13:56:36','机构【上海浦东新区中间交易所】于【2021-02-03 13:56:36】登录系统！','上海浦东新区中间交易所'),(890,'2021-02-03 13:58:10','2021-02-03 13:58:10','用户【中兴】于【2021-02-03 13:58:10】登录系统！','中兴'),(891,'2021-02-03 14:07:23','2021-02-03 14:07:23','用户【中兴】于【2021-02-03 14:07:23】登录系统！','中兴'),(892,'2021-02-03 14:08:32','2021-02-03 14:08:32','机构【上海浦东新区中间交易所】于【2021-02-03 14:08:32】登录系统！','上海浦东新区中间交易所'),(893,'2021-02-03 14:19:45','2021-02-03 14:19:45','用户【中兴】于【2021-02-03 14:19:45】登录系统！','中兴'),(894,'2021-02-03 14:24:20','2021-02-03 14:24:20','用户【中兴】于【2021-02-03 14:24:20】登录系统！','中兴'),(895,'2021-02-03 14:26:09','2021-02-03 14:26:09','用户【中兴】于【2021-02-03 14:26:09】登录系统！','中兴'),(896,'2021-02-03 14:27:02','2021-02-03 14:27:02','机构【北京交易中心】于【2021-02-03 14:27:02】登录系统！','北京交易中心'),(897,'2021-02-03 14:28:11','2021-02-03 14:28:11','用户【中兴】于【2021-02-03 14:28:11】登录系统！','中兴'),(898,'2021-02-03 14:28:31','2021-02-03 14:28:31','机构【北京交易中心】于【2021-02-03 14:28:31】登录系统！','北京交易中心'),(899,'2021-02-03 14:28:58','2021-02-03 14:28:58','机构【123456】于【2021-02-03 14:28:58】登录系统！','123456'),(900,'2021-02-03 14:33:49','2021-02-03 14:33:49','机构【上海浦东新区中间交易所】于【2021-02-03 14:33:49】登录系统！','上海浦东新区中间交易所'),(901,'2021-02-03 14:37:16','2021-02-03 14:37:16','用户【中兴】于【2021-02-03 14:37:16】登录系统！','中兴'),(902,'2021-02-03 14:37:33','2021-02-03 14:37:33','机构【北京交易中心】于【2021-02-03 14:37:33】登录系统！','北京交易中心'),(903,'2021-02-03 14:38:07','2021-02-03 14:38:07','机构【123456】于【2021-02-03 14:38:07】登录系统！','123456'),(904,'2021-02-03 14:46:45','2021-02-03 14:46:45','机构【上海浦东新区中间交易所】于【2021-02-03 14:46:45】登录系统！','未知(获取登录用户失败)'),(905,'2021-02-03 14:48:28','2021-02-03 14:48:28','添加竞拍，标题名称：1234','未知(获取登录用户失败)'),(906,'2021-02-03 14:48:56','2021-02-03 14:48:56','用户【中兴】于【2021-02-03 14:48:56】登录系统！','中兴'),(907,'2021-02-03 14:51:15','2021-02-03 14:51:15','用户【中兴】于【2021-02-03 14:51:15】登录系统！','中兴'),(908,'2021-02-03 14:54:22','2021-02-03 14:54:22','机构【北京交易中心】于【2021-02-03 14:54:22】登录系统！','未知(获取登录用户失败)'),(909,'2021-02-03 14:56:02','2021-02-03 14:56:02','机构【上海浦东新区中间交易所】于【2021-02-03 14:56:02】登录系统！','上海浦东新区中间交易所'),(910,'2021-02-03 15:03:50','2021-02-03 15:03:50','用户【中兴】于【2021-02-03 15:03:50】登录系统！','中兴'),(911,'2021-02-03 15:04:45','2021-02-03 15:04:45','机构【123456】于【2021-02-03 15:04:45】登录系统！','123456'),(912,'2021-02-03 15:07:58','2021-02-03 15:07:58','用户【中兴】于【2021-02-03 15:07:58】登录系统！','中兴'),(913,'2021-02-03 15:18:41','2021-02-03 15:18:41','用户【中兴】于【2021-02-03 15:18:41】登录系统！','中兴'),(914,'2021-02-03 15:36:49','2021-02-03 15:36:49','用户【中兴】于【2021-02-03 15:36:49】登录系统！','中兴'),(915,'2021-02-03 15:39:41','2021-02-03 15:39:41','用户【中兴】于【2021-02-03 15:39:41】登录系统！','中兴'),(916,'2021-02-03 15:41:29','2021-02-03 15:41:29','用户【中兴】于【2021-02-03 15:41:29】登录系统！','中兴'),(917,'2021-02-03 15:48:46','2021-02-03 15:48:46','用户【中兴】于【2021-02-03 15:48:46】登录系统！','中兴'),(918,'2021-02-03 15:56:05','2021-02-03 15:56:05','添加新闻分类 分类名称:12','中兴'),(919,'2021-02-03 15:56:23','2021-02-03 15:56:23','添加新闻分类 分类名称:12121212121212','中兴'),(920,'2021-02-03 15:56:30','2021-02-03 15:56:30','删除新闻分类 分类ID：9','中兴'),(921,'2021-02-03 15:56:43','2021-02-03 15:56:43','编辑新闻分类 分类名称:12','中兴'),(922,'2021-02-03 15:57:07','2021-02-03 15:57:07','删除新闻分类 分类ID：8','中兴'),(923,'2021-02-03 15:57:57','2021-02-03 15:57:57','用户【中兴】于【2021-02-03 15:57:57】登录系统！','中兴'),(924,'2021-02-03 15:58:16','2021-02-03 15:58:16','编辑菜单信息【Menu [name=新闻管理, parent=Menu [name=null, parent=null, url=null, icon=null, sort=0, isButton=false, isShow=true], url=/admin/news/list, icon=mdi-tooltip-image, sort=76, isButton=false, isShow=true]】','中兴'),(925,'2021-02-03 16:03:53','2021-02-03 16:03:53','编辑菜单信息【Menu [name=通知公告管理, parent=Menu [name=null, parent=null, url=null, icon=null, sort=0, isButton=false, isShow=true], url=/admin/inform/list, icon=mdi-windows, sort=81, isButton=false, isShow=true]】','中兴'),(926,'2021-02-03 16:18:49','2021-02-03 16:18:49','用户【中兴】于【2021-02-03 16:18:49】登录系统！','中兴'),(927,'2021-02-03 16:22:39','2021-02-03 16:22:39','机构【测试企业机构】于【2021-02-03 16:22:39】登录系统！','测试企业机构'),(928,'2021-02-03 16:36:43','2021-02-03 16:36:43','用户【中兴】于【2021-02-03 16:36:43】登录系统！','中兴'),(929,'2021-02-03 16:37:04','2021-02-03 16:37:04','机构【上海浦东新区中间交易所】于【2021-02-03 16:37:04】登录系统！','上海浦东新区中间交易所'),(930,'2021-02-03 16:37:17','2021-02-03 16:37:17','机构【测试企业机构】于【2021-02-03 16:37:17】登录系统！','测试企业机构'),(931,'2021-02-03 16:47:13','2021-02-03 16:47:13','机构【测试企业机构】于【2021-02-03 16:47:13】登录系统！','测试企业机构'),(932,'2021-02-03 17:11:05','2021-02-03 17:11:05','机构【上海浦东新区中间交易所】于【2021-02-03 17:11:03】登录系统！','上海浦东新区中间交易所'),(933,'2021-02-03 17:11:43','2021-02-03 17:11:43','用户【中兴】于【2021-02-03 17:11:43】登录系统！','中兴'),(934,'2021-02-03 17:12:14','2021-02-03 17:12:14','机构【上海浦东新区中间交易所】于【2021-02-03 17:12:14】登录系统！','上海浦东新区中间交易所'),(935,'2021-02-03 17:14:34','2021-02-03 17:14:34','用户【中兴】于【2021-02-03 17:14:34】登录系统！','中兴'),(936,'2021-02-03 17:15:32','2021-02-03 17:15:32','机构【上海浦东新区中间交易所】于【2021-02-03 17:15:32】登录系统！','上海浦东新区中间交易所'),(937,'2021-02-03 17:15:55','2021-02-03 17:15:55','机构【上海浦东新区中间交易所】于【2021-02-03 17:15:55】登录系统！','上海浦东新区中间交易所'),(938,'2021-02-03 17:16:39','2021-02-03 17:16:39','用户【中兴】于【2021-02-03 17:16:39】登录系统！','中兴'),(939,'2021-02-03 17:18:15','2021-02-03 17:18:15','机构【上海浦东新区中间交易所】于【2021-02-03 17:18:15】登录系统！','上海浦东新区中间交易所'),(940,'2021-02-03 17:23:11','2021-02-03 17:23:11','用户【中兴】于【2021-02-03 17:23:11】登录系统！','中兴'),(941,'2021-02-03 17:27:22','2021-02-03 17:27:22','机构【上海浦东新区中间交易所】于【2021-02-03 17:27:22】登录系统！','上海浦东新区中间交易所'),(942,'2021-02-03 17:34:46','2021-02-03 17:34:46','编辑竞拍，标题名称：1234','上海浦东新区中间交易所'),(943,'2021-02-03 17:39:48','2021-02-03 17:39:48','机构【上海浦东新区中间交易所】于【2021-02-03 17:39:48】登录系统！','上海浦东新区中间交易所'),(944,'2021-02-03 17:42:02','2021-02-03 17:42:02','机构【上海浦东新区中间交易所】于【2021-02-03 17:42:02】登录系统！','上海浦东新区中间交易所'),(945,'2021-02-03 17:42:31','2021-02-03 17:42:31','机构【上海浦东新区中间交易所】于【2021-02-03 17:42:31】登录系统！','上海浦东新区中间交易所'),(946,'2021-02-03 17:48:34','2021-02-03 17:48:34','用户【中兴】于【2021-02-03 17:48:34】登录系统！','中兴'),(947,'2021-02-03 17:49:47','2021-02-03 17:49:47','编辑竞拍，标题名称：1234','上海浦东新区中间交易所'),(948,'2021-02-03 17:49:54','2021-02-03 17:49:54','编辑竞拍，标题名称：1234','上海浦东新区中间交易所'),(949,'2021-02-03 17:55:44','2021-02-03 17:55:44','机构【上海浦东新区中间交易所3】于【2021-02-03 17:55:44】登录系统！','上海浦东新区中间交易所3'),(950,'2021-02-03 17:59:36','2021-02-03 17:59:36','机构【上海浦东新区中间交易所】于【2021-02-03 17:59:36】登录系统！','上海浦东新区中间交易所'),(951,'2021-02-03 18:00:40','2021-02-03 18:00:40','编辑竞拍，标题名称：1234','上海浦东新区中间交易所'),(952,'2021-02-03 18:01:13','2021-02-03 18:01:13','机构【上海浦东新区中间交易所】于【2021-02-03 18:01:13】登录系统！','上海浦东新区中间交易所'),(953,'2021-02-03 18:01:15','2021-02-03 18:01:15','用户【中兴】于【2021-02-03 18:01:15】登录系统！','中兴'),(954,'2021-02-03 18:01:22','2021-02-03 18:01:22','编辑竞拍，标题名称：1234','上海浦东新区中间交易所'),(955,'2021-02-03 18:07:36','2021-02-03 18:07:36','机构【上海浦东新区中间交易所】于【2021-02-03 18:07:36】登录系统！','上海浦东新区中间交易所'),(956,'2021-02-03 18:09:40','2021-02-03 18:09:40','机构【上海浦东新区中间交易所】于【2021-02-03 18:09:40】登录系统！','上海浦东新区中间交易所'),(957,'2021-02-03 18:11:01','2021-02-03 18:11:01','添加竞拍，标题名称：1222','上海浦东新区中间交易所'),(958,'2021-02-03 18:11:24','2021-02-03 18:11:24','编辑竞拍，标题名称：1222','上海浦东新区中间交易所'),(959,'2021-02-03 18:11:39','2021-02-03 18:11:39','编辑竞拍，标题名称：1222','上海浦东新区中间交易所'),(960,'2021-02-03 18:12:25','2021-02-03 18:12:25','编辑竞拍，标题名称：1222','上海浦东新区中间交易所'),(961,'2021-02-03 18:13:51','2021-02-03 18:13:51','机构【上海浦东新区中间交易所】于【2021-02-03 18:13:51】登录系统！','上海浦东新区中间交易所'),(962,'2021-02-03 18:14:21','2021-02-03 18:14:21','编辑竞拍，标题名称：1222','上海浦东新区中间交易所'),(963,'2021-02-03 18:15:17','2021-02-03 18:15:17','编辑竞拍，标题名称：1222','上海浦东新区中间交易所'),(964,'2021-02-03 18:20:31','2021-02-03 18:20:31','机构【上海浦东新区中间交易所】于【2021-02-03 18:20:31】登录系统！','上海浦东新区中间交易所'),(965,'2021-02-03 18:30:08','2021-02-03 18:30:08','删除竞拍,竞拍ID：14','上海浦东新区中间交易所'),(966,'2021-02-03 18:32:55','2021-02-03 18:32:55','用户【中兴】于【2021-02-03 18:32:55】登录系统！','中兴'),(967,'2021-02-03 18:33:07','2021-02-03 18:33:07','机构【上海浦东新区中间交易所】于【2021-02-03 18:33:07】登录系统！','上海浦东新区中间交易所'),(968,'2021-02-03 18:38:22','2021-02-03 18:38:22','机构【上海浦东新区中间交易所】于【2021-02-03 18:38:22】登录系统！','上海浦东新区中间交易所'),(969,'2021-02-03 18:44:05','2021-02-03 18:44:05','机构【上海浦东新区中间交易所】于【2021-02-03 18:44:05】登录系统！','上海浦东新区中间交易所'),(970,'2021-02-04 09:06:58','2021-02-04 09:06:58','用户【中兴】于【2021-02-04 09:06:58】登录系统！','中兴'),(971,'2021-02-04 09:07:40','2021-02-04 09:07:40','编辑角色【超级管理员】','中兴'),(972,'2021-02-04 09:07:57','2021-02-04 09:07:57','用户【中兴】于【2021-02-04 09:07:57】登录系统！','中兴'),(973,'2021-02-04 09:08:11','2021-02-04 09:08:11','编辑标的物类型，名称：奢侈品','中兴'),(974,'2021-02-04 09:08:25','2021-02-04 09:08:25','编辑标的物类型，名称：奢侈品','中兴'),(975,'2021-02-04 09:08:40','2021-02-04 09:08:40','编辑标的物类型，名称：奢侈品','中兴'),(976,'2021-02-04 09:08:56','2021-02-04 09:08:56','编辑标的物类型，名称：奢侈品','中兴'),(977,'2021-02-04 09:09:28','2021-02-04 09:09:28','编辑标的物类型，名称：奢侈品','中兴'),(978,'2021-02-04 09:14:02','2021-02-04 09:14:02','编辑标的物类型，名称：住宅用房1山东分公司','中兴'),(979,'2021-02-04 09:14:10','2021-02-04 09:14:10','删除标的物类型,物类型ID：22','中兴'),(980,'2021-02-04 09:14:14','2021-02-04 09:14:14','编辑标的物类型，名称：请问二分公司GV','中兴'),(981,'2021-02-04 09:14:26','2021-02-04 09:14:26','删除标的物类型,物类型ID：21','中兴'),(982,'2021-02-04 09:35:54','2021-02-04 09:35:54','用户【中兴】于【2021-02-04 09:35:54】登录系统！','中兴'),(983,'2021-02-04 09:41:27','2021-02-04 09:41:27','编辑标的物类型，名称：奢侈品','中兴'),(984,'2021-02-04 09:41:38','2021-02-04 09:41:38','用户【中兴】于【2021-02-04 09:41:38】登录系统！','中兴'),(985,'2021-02-04 09:43:16','2021-02-04 09:43:16','编辑标的物类型，名称：奢侈品','中兴'),(986,'2021-02-04 09:57:55','2021-02-04 09:57:55','用户【中兴】于【2021-02-04 09:57:55】登录系统！','中兴'),(987,'2021-02-04 10:03:38','2021-02-04 10:03:38','编辑标的物类型，名称：奢侈品','中兴'),(988,'2021-02-04 10:26:29','2021-02-04 10:26:29','编辑标的物类型，名称：奢侈品','中兴'),(989,'2021-02-04 10:28:07','2021-02-04 10:28:07','机构【上海浦东新区中间交易所】于【2021-02-04 10:28:07】登录系统！','上海浦东新区中间交易所'),(990,'2021-02-04 10:31:57','2021-02-04 10:31:57','用户【中兴】于【2021-02-04 10:31:57】登录系统！','中兴'),(991,'2021-02-04 10:33:30','2021-02-04 10:33:30','用户【中兴】于【2021-02-04 10:33:30】登录系统！','中兴'),(992,'2021-02-04 10:33:33','2021-02-04 10:33:33','用户【中兴】于【2021-02-04 10:33:33】登录系统！','中兴'),(993,'2021-02-04 10:35:19','2021-02-04 10:35:19','编辑标的物类型，名称：玩儿各方1','中兴'),(994,'2021-02-04 10:35:36','2021-02-04 10:35:36','机构【上海浦东新区中间交易所】于【2021-02-04 10:35:36】登录系统！','上海浦东新区中间交易所'),(995,'2021-02-04 10:35:45','2021-02-04 10:35:45','编辑标的物类型，名称：玩儿','中兴'),(996,'2021-02-04 10:38:58','2021-02-04 10:38:58','用户【中兴】于【2021-02-04 10:38:58】登录系统！','中兴'),(997,'2021-02-04 10:39:38','2021-02-04 10:39:38','编辑标的物类型，名称：频次品频次品频次品','中兴'),(998,'2021-02-04 10:39:43','2021-02-04 10:39:43','编辑标的物类型，名称：频次品频次品频次品','中兴'),(999,'2021-02-04 10:39:50','2021-02-04 10:39:50','编辑标的物类型，名称：频次品频次品频次品','中兴'),(1000,'2021-02-04 10:39:56','2021-02-04 10:39:56','编辑标的物类型，名称：频次品频次品频次品','中兴'),(1001,'2021-02-04 10:40:03','2021-02-04 10:40:03','删除标的物类型,物类型ID：20','中兴'),(1002,'2021-02-04 11:02:59','2021-02-04 11:02:59','用户【中兴】于【2021-02-04 11:02:58】登录系统！','中兴'),(1003,'2021-02-04 11:03:23','2021-02-04 11:03:23','编辑标的物类型，名称：品积极品积极品积极品','中兴'),(1004,'2021-02-04 11:03:40','2021-02-04 11:03:40','机构【上海浦东新区中间交易所】于【2021-02-04 11:03:40】登录系统！','上海浦东新区中间交易所'),(1005,'2021-02-04 11:05:57','2021-02-04 11:05:57','机构【上海浦东新区中间交易所】于【2021-02-04 11:05:57】登录系统！','上海浦东新区中间交易所'),(1006,'2021-02-04 11:08:24','2021-02-04 11:08:24','机构【上海浦东新区中间交易所】于【2021-02-04 11:08:23】登录系统！','上海浦东新区中间交易所'),(1007,'2021-02-04 11:09:20','2021-02-04 11:09:20','添加竞拍，标题名称：这是一个竞赛','上海浦东新区中间交易所'),(1008,'2021-02-04 11:10:14','2021-02-04 11:10:14','机构【上海浦东新区中间交易所】于【2021-02-04 11:10:14】登录系统！','上海浦东新区中间交易所'),(1009,'2021-02-04 11:14:36','2021-02-04 11:14:36','机构【上海浦东新区中间交易所】于【2021-02-04 11:14:36】登录系统！','上海浦东新区中间交易所'),(1010,'2021-02-04 11:16:12','2021-02-04 11:16:12','机构【上海浦东新区中间交易所】于【2021-02-04 11:16:12】登录系统！','上海浦东新区中间交易所'),(1011,'2021-02-04 11:20:02','2021-02-04 11:20:02','删除审批记录,记录ID：12','中兴'),(1012,'2021-02-04 11:23:05','2021-02-04 11:23:05','用户【中兴】于【2021-02-04 11:23:05】登录系统！','中兴'),(1013,'2021-02-04 11:24:19','2021-02-04 11:24:19','编辑竞拍，标题名称：这是一个竞赛','上海浦东新区中间交易所A'),(1014,'2021-02-04 11:26:50','2021-02-04 11:26:50','用户【中兴】于【2021-02-04 11:26:50】登录系统！','中兴'),(1015,'2021-02-04 11:29:48','2021-02-04 11:29:48','用户【中兴】于【2021-02-04 11:29:48】登录系统！','中兴'),(1016,'2021-02-04 11:30:11','2021-02-04 11:30:11','机构【上海浦东新区中间交易所A】于【2021-02-04 11:30:11】登录系统！','上海浦东新区中间交易所A'),(1017,'2021-02-04 11:31:32','2021-02-04 11:31:32','机构【上海浦东新区中间交易所A】于【2021-02-04 11:31:32】登录系统！','上海浦东新区中间交易所A'),(1018,'2021-02-04 11:31:52','2021-02-04 11:31:52','用户【中兴】于【2021-02-04 11:31:52】登录系统！','中兴'),(1019,'2021-02-04 11:32:09','2021-02-04 11:32:09','机构【上海浦东新区中间交易所A】于【2021-02-04 11:32:09】登录系统！','上海浦东新区中间交易所A'),(1020,'2021-02-04 11:33:27','2021-02-04 11:33:27','添加竞拍，标题名称：12asdf','上海浦东新区中间交易所A'),(1021,'2021-02-04 14:02:27','2021-02-04 14:02:27','机构【上海浦东新区中间交易所A】于【2021-02-04 14:02:27】登录系统！','上海浦东新区中间交易所A'),(1022,'2021-02-04 14:08:29','2021-02-04 14:08:29','机构【上海浦东新区中间交易所A】于【2021-02-04 14:08:29】登录系统！','上海浦东新区中间交易所A'),(1023,'2021-02-04 14:14:02','2021-02-04 14:14:02','用户【中兴】于【2021-02-04 14:14:02】登录系统！','中兴'),(1024,'2021-02-04 14:15:24','2021-02-04 14:15:24','用户【中兴】于【2021-02-04 14:15:24】登录系统！','中兴'),(1025,'2021-02-04 14:20:31','2021-02-04 14:20:31','添加新闻分类 分类名称:社会','中兴'),(1026,'2021-02-04 14:20:37','2021-02-04 14:20:37','添加新闻分类 分类名称:公益','中兴'),(1027,'2021-02-04 14:20:49','2021-02-04 14:20:49','添加新闻分类 分类名称:公众','中兴'),(1028,'2021-02-04 14:20:54','2021-02-04 14:20:54','添加新闻分类 分类名称:其他','中兴'),(1029,'2021-02-04 14:21:35','2021-02-04 14:21:35','用户【中兴】于【2021-02-04 14:21:35】登录系统！','中兴'),(1030,'2021-02-04 14:22:20','2021-02-04 14:22:20','用户【中兴】于【2021-02-04 14:22:20】登录系统！','中兴'),(1031,'2021-02-04 14:28:41','2021-02-04 14:28:41','用户【中兴】于【2021-02-04 14:28:41】登录系统！','中兴'),(1032,'2021-02-04 14:29:56','2021-02-04 14:29:56','编辑标的物类型，名称：住宅用房','中兴'),(1033,'2021-02-04 14:30:06','2021-02-04 14:30:06','删除标的物类型,物类型ID：23','中兴'),(1034,'2021-02-04 14:32:45','2021-02-04 14:32:45','用户【中兴】于【2021-02-04 14:32:45】登录系统！','中兴'),(1035,'2021-02-04 14:33:49','2021-02-04 14:33:49','机构【中兴中间交易所】于【2021-02-04 14:33:49】登录系统！','中兴中间交易所'),(1036,'2021-02-04 14:41:24','2021-02-04 14:41:24','删除标的物类型,物类型ID：19','中兴'),(1037,'2021-02-04 14:41:27','2021-02-04 14:41:27','删除标的物类型,物类型ID：18','中兴'),(1038,'2021-02-04 14:41:31','2021-02-04 14:41:31','删除标的物类型,物类型ID：17','中兴'),(1039,'2021-02-04 14:41:34','2021-02-04 14:41:34','删除标的物类型,物类型ID：16','中兴'),(1040,'2021-02-04 14:41:38','2021-02-04 14:41:38','删除标的物类型,物类型ID：15','中兴'),(1041,'2021-02-04 14:41:44','2021-02-04 14:41:44','用户【中兴】于【2021-02-04 14:41:44】登录系统！','中兴'),(1042,'2021-02-04 14:43:13','2021-02-04 14:43:13','添加竞拍，标题名称：2018款斯柯达','中兴中间交易所'),(1043,'2021-02-04 14:43:27','2021-02-04 14:43:27','删除竞拍,竞拍ID：1','中兴中间交易所'),(1044,'2021-02-04 14:43:49','2021-02-04 14:43:49','用户【中兴】于【2021-02-04 14:43:49】登录系统！','中兴'),(1045,'2021-02-04 14:45:15','2021-02-04 14:45:15','添加竞拍，标题名称：2018款斯柯达','中兴中间交易所'),(1046,'2021-02-04 14:45:20','2021-02-04 14:45:20','编辑竞拍，标题名称：2018款斯柯达','中兴中间交易所'),(1047,'2021-02-04 14:45:34','2021-02-04 14:45:34','编辑竞拍，标题名称：2018款斯柯达','中兴中间交易所'),(1048,'2021-02-04 14:46:07','2021-02-04 14:46:07','用户【中兴】于【2021-02-04 14:46:06】登录系统！','中兴'),(1049,'2021-02-04 14:46:48','2021-02-04 14:46:48','编辑竞拍，标题名称：2018款斯柯达','中兴中间交易所'),(1050,'2021-02-04 14:48:52','2021-02-04 14:48:52','机构【中兴中间交易所】于【2021-02-04 14:48:52】登录系统！','中兴中间交易所'),(1051,'2021-02-04 14:55:22','2021-02-04 14:55:22','机构【中兴中间交易所】于【2021-02-04 14:55:22】登录系统！','中兴中间交易所'),(1052,'2021-02-04 15:21:50','2021-02-04 15:21:50','用户【中兴】于【2021-02-04 15:21:50】登录系统！','中兴'),(1053,'2021-02-04 15:24:43','2021-02-04 15:24:43','机构【中兴中间交易所】于【2021-02-04 15:24:43】登录系统！','中兴中间交易所'),(1054,'2021-02-04 15:25:23','2021-02-04 15:25:23','机构【Change】于【2021-02-04 15:25:23】登录系统！','Change'),(1055,'2021-02-04 15:25:55','2021-02-04 15:25:55','用户【中兴】于【2021-02-04 15:25:55】登录系统！','中兴'),(1056,'2021-02-04 15:28:05','2021-02-04 15:28:05','添加竞拍，标题名称：[高奢]95新 宝珀经典系列月相','中兴中间交易所'),(1057,'2021-02-04 15:29:31','2021-02-04 15:29:31','用户【中兴】于【2021-02-04 15:29:31】登录系统！','中兴'),(1058,'2021-02-04 15:29:58','2021-02-04 15:29:58','用户【中兴】于【2021-02-04 15:29:58】登录系统！','中兴'),(1059,'2021-02-04 15:43:34','2021-02-04 15:43:34','用户【中兴】于【2021-02-04 15:43:34】登录系统！','中兴'),(1060,'2021-02-04 15:53:53','2021-02-04 15:53:53','机构【中兴中间交易所】于【2021-02-04 15:53:53】登录系统！','中兴中间交易所'),(1061,'2021-02-04 16:07:37','2021-02-04 16:07:37','用户【中兴】于【2021-02-04 16:07:37】登录系统！','中兴'),(1062,'2021-02-04 16:21:46','2021-02-04 16:21:46','机构【中兴中间交易所】于【2021-02-04 16:21:46】登录系统！','中兴中间交易所'),(1063,'2021-02-04 16:25:10','2021-02-04 16:25:10','添加竞拍，标题名称：劳莱士手表镶金版','中兴中间交易所'),(1064,'2021-02-04 16:25:20','2021-02-04 16:25:20','用户【中兴】于【2021-02-04 16:25:20】登录系统！','中兴'),(1065,'2021-02-04 16:37:30','2021-02-04 16:37:30','机构【~Change】于【2021-02-04 16:37:30】登录系统！','~Change'),(1066,'2021-02-04 16:37:59','2021-02-04 16:37:59','机构【中兴中间交易所】于【2021-02-04 16:37:59】登录系统！','中兴中间交易所'),(1067,'2021-02-04 16:39:30','2021-02-04 16:39:30','用户【中兴】于【2021-02-04 16:39:30】登录系统！','中兴'),(1068,'2021-02-04 16:39:46','2021-02-04 16:39:46','机构【中兴中间交易所】于【2021-02-04 16:39:46】登录系统！','中兴中间交易所'),(1069,'2021-02-04 16:42:22','2021-02-04 16:42:22','添加竞拍，标题名称：景谷泰毓建材','中兴中间交易所'),(1070,'2021-02-04 16:42:35','2021-02-04 16:42:35','用户【中兴】于【2021-02-04 16:42:35】登录系统！','中兴'),(1071,'2021-02-04 16:42:57','2021-02-04 16:42:57','机构【中兴中间交易所】于【2021-02-04 16:42:57】登录系统！','中兴中间交易所'),(1072,'2021-02-04 16:52:13','2021-02-04 16:52:13','机构【中兴中间交易所】于【2021-02-04 16:52:13】登录系统！','中兴中间交易所'),(1073,'2021-02-04 16:52:14','2021-02-04 16:52:14','添加竞拍，标题名称：欧米茄Omega星座自动机械手表男士正品','中兴中间交易所'),(1074,'2021-02-04 16:52:52','2021-02-04 16:52:52','用户【中兴】于【2021-02-04 16:52:52】登录系统！','中兴'),(1075,'2021-02-04 17:19:56','2021-02-04 17:19:56','添加竞拍，标题名称：逾期测试','中兴中间交易所'),(1076,'2021-02-04 17:35:50','2021-02-04 17:35:50','添加竞拍，标题名称：1111','中兴中间交易所'),(1077,'2021-02-04 17:38:08','2021-02-04 17:38:08','机构【中兴中间交易所】于【2021-02-04 17:38:08】登录系统！','中兴中间交易所'),(1078,'2021-02-04 17:45:04','2021-02-04 17:45:04','机构【中兴中间交易所】于【2021-02-04 17:45:04】登录系统！','中兴中间交易所'),(1079,'2021-02-04 18:02:34','2021-02-04 18:02:34','用户【中兴】于【2021-02-04 18:02:34】登录系统！','中兴'),(1080,'2021-02-04 18:04:30','2021-02-04 18:04:30','编辑竞拍，标题名称：1111','中兴中间交易所'),(1081,'2021-02-04 18:06:01','2021-02-04 18:06:01','机构【~Change】于【2021-02-04 18:06:01】登录系统！','~Change'),(1082,'2021-02-04 18:06:55','2021-02-04 18:06:55','编辑竞拍，标题名称：1111','中兴中间交易所'),(1083,'2021-02-04 18:07:36','2021-02-04 18:07:36','编辑竞拍，标题名称：1111','中兴中间交易所'),(1084,'2021-02-04 18:08:30','2021-02-04 18:08:30','添加竞拍，标题名称：拍卖找轩轩','~Change'),(1085,'2021-02-04 18:09:15','2021-02-04 18:09:15','编辑竞拍，标题名称：1111','中兴中间交易所'),(1086,'2021-02-04 18:32:13','2021-02-04 18:32:13','用户【中兴】于【2021-02-04 18:32:13】登录系统！','中兴'),(1087,'2021-03-05 11:45:01','2021-03-05 11:45:01','用户【中兴】于【2021-03-05 11:45:01】登录系统！','中兴'),(1088,'2021-03-05 16:26:47','2021-03-05 16:26:47','用户【中兴】于【2021-03-05 16:26:47】登录系统！','中兴'),(1089,'2021-03-05 16:54:04','2021-03-05 16:54:04','机构【~Change】于【2021-03-05 16:54:04】登录系统！','~Change'),(1090,'2021-03-05 16:57:34','2021-03-05 16:57:34','机构【中兴中间交易所】于【2021-03-05 16:57:34】登录系统！','中兴中间交易所'),(1091,'2021-03-05 18:36:10','2021-03-05 18:36:10','机构【~Change】于【2021-03-05 18:36:10】登录系统！','~Change'),(1092,'2021-03-06 14:33:15','2021-03-06 14:33:15','用户【中兴】于【2021-03-06 14:33:14】登录系统！','中兴'),(1093,'2021-03-06 17:03:26','2021-03-06 17:03:26','用户【中兴】于【2021-03-06 17:03:26】登录系统！','中兴'),(1094,'2021-03-06 17:05:19','2021-03-06 17:05:19','机构【中兴中间交易所】于【2021-03-06 17:05:19】登录系统！','中兴中间交易所'),(1095,'2021-03-06 17:20:56','2021-03-06 17:20:56','用户【中兴】于【2021-03-06 17:20:56】登录系统！','中兴'),(1096,'2021-03-06 17:31:32','2021-03-06 17:31:32','用户【中兴】于【2021-03-06 17:31:32】登录系统！','中兴'),(1097,'2021-03-06 17:33:50','2021-03-06 17:33:50','用户【中兴】于【2021-03-06 17:33:50】登录系统！','中兴'),(1098,'2021-03-06 17:34:32','2021-03-06 17:34:32','用户【中兴】于【2021-03-06 17:34:32】登录系统！','中兴'),(1099,'2023-06-19 10:52:12','2023-06-19 10:52:12','用户【中兴】于【2023-06-19 10:52:12】登录系统！','中兴');
/*!40000 ALTER TABLE `zte_operater_log` ENABLE KEYS */;
UNLOCK TABLES;

--
-- Table structure for table `zte_order_auth`
--

DROP TABLE IF EXISTS `zte_order_auth`;
/*!40101 SET @saved_cs_client     = @@character_set_client */;
/*!50503 SET character_set_client = utf8mb4 */;
CREATE TABLE `zte_order_auth` (
  `id` bigint NOT NULL AUTO_INCREMENT,
  `create_time` datetime NOT NULL,
  `update_time` datetime NOT NULL,
  `mac` varchar(32) DEFAULT NULL,
  `order_sn` varchar(18) NOT NULL,
  `phone` varchar(12) NOT NULL,
  PRIMARY KEY (`id`)
) ENGINE=InnoDB DEFAULT CHARSET=utf8mb4 COLLATE=utf8mb4_0900_ai_ci;
/*!40101 SET character_set_client = @saved_cs_client */;

--
-- Dumping data for table `zte_order_auth`
--

LOCK TABLES `zte_order_auth` WRITE;
/*!40000 ALTER TABLE `zte_order_auth` DISABLE KEYS */;
/*!40000 ALTER TABLE `zte_order_auth` ENABLE KEYS */;
UNLOCK TABLES;

--
-- Table structure for table `zte_organization`
--

DROP TABLE IF EXISTS `zte_organization`;
/*!40101 SET @saved_cs_client     = @@character_set_client */;
/*!50503 SET character_set_client = utf8mb4 */;
CREATE TABLE `zte_organization` (
  `id` bigint NOT NULL AUTO_INCREMENT,
  `create_time` datetime NOT NULL,
  `update_time` datetime NOT NULL,
  `address` varchar(255) NOT NULL,
  `audit_status` int DEFAULT NULL,
  `balance` decimal(19,2) DEFAULT NULL,
  `card_img` varchar(255) NOT NULL,
  `earnest_money` int DEFAULT NULL,
  `email` varchar(255) NOT NULL,
  `head_pic` varchar(255) DEFAULT NULL,
  `legal_person` varchar(255) DEFAULT NULL,
  `name` varchar(255) NOT NULL,
  `not_pass_reason` varchar(255) DEFAULT NULL,
  `password` varchar(32) NOT NULL,
  `pay_password` varchar(6) NOT NULL,
  `phone` varchar(255) NOT NULL,
  `trading_img` varchar(255) NOT NULL,
  `role_id` bigint DEFAULT NULL,
  PRIMARY KEY (`id`),
  UNIQUE KEY `UK_jxic989kuvaq2663bwsnx266` (`email`),
  UNIQUE KEY `UK_6o392do58tpaiyheuvhei4eeu` (`phone`),
  KEY `FK4jtwnf0ays4f3vu5a10t56ndb` (`role_id`),
  CONSTRAINT `FK4jtwnf0ays4f3vu5a10t56ndb` FOREIGN KEY (`role_id`) REFERENCES `zte_role` (`id`)
) ENGINE=InnoDB AUTO_INCREMENT=3 DEFAULT CHARSET=utf8mb3;
/*!40101 SET character_set_client = @saved_cs_client */;

--
-- Dumping data for table `zte_organization`
--

LOCK TABLES `zte_organization` WRITE;
/*!40000 ALTER TABLE `zte_organization` DISABLE KEYS */;
INSERT INTO `zte_organization` VALUES (1,'2021-02-04 14:32:30','2021-02-04 17:47:16','康桥集团101',3,101000.00,'20210204/1612420294942.jpg;20210204/1612420349770.jpg',1,'115432031@qq.com',NULL,'钟锐','中兴中间交易所','同意了充点钱','123456','456789','15518166316','20210204/1612420289683.jpg',5),(2,'2021-02-04 15:25:11','2021-02-04 18:09:24','上海市黄浦区xx路A栋B单元',3,999999900070.00,'20210204/1612423504557.jpg;20210204/1612423508295.jpg',1,'2908760692@qq.com',NULL,'瑞瑞','~Change',NULL,'123456','123456','18186000288','20210204/1612423500161.jpg',5);
/*!40000 ALTER TABLE `zte_organization` ENABLE KEYS */;
UNLOCK TABLES;

--
-- Table structure for table `zte_organization_alipay`
--

DROP TABLE IF EXISTS `zte_organization_alipay`;
/*!40101 SET @saved_cs_client     = @@character_set_client */;
/*!50503 SET character_set_client = utf8mb4 */;
CREATE TABLE `zte_organization_alipay` (
  `id` bigint NOT NULL AUTO_INCREMENT,
  `create_time` datetime NOT NULL,
  `update_time` datetime NOT NULL,
  `body` varchar(255) DEFAULT NULL,
  `out_trade_no` varchar(255) NOT NULL,
  `pay_sn` varchar(255) DEFAULT NULL,
  `pay_time` datetime DEFAULT NULL,
  `status` int DEFAULT NULL,
  `subject` varchar(255) NOT NULL,
  `total_amount` decimal(19,2) NOT NULL,
  `organization_id` bigint DEFAULT NULL,
  PRIMARY KEY (`id`),
  UNIQUE KEY `UK_ed3xi9rp5pputf0dmnwe3ku7e` (`out_trade_no`),
  KEY `FKa480goj8bsqfna8oikogdclur` (`organization_id`),
  CONSTRAINT `FKa480goj8bsqfna8oikogdclur` FOREIGN KEY (`organization_id`) REFERENCES `zte_organization` (`id`)
) ENGINE=InnoDB AUTO_INCREMENT=2 DEFAULT CHARSET=utf8mb3;
/*!40101 SET character_set_client = @saved_cs_client */;

--
-- Dumping data for table `zte_organization_alipay`
--

LOCK TABLES `zte_organization_alipay` WRITE;
/*!40000 ALTER TABLE `zte_organization_alipay` DISABLE KEYS */;
INSERT INTO `zte_organization_alipay` VALUES (1,'2021-02-04 14:36:48','2021-02-04 14:36:48','中兴众筹充值订单','zteE7D53DF1CBEF4E4BADB10CCAA34C8AD1',NULL,NULL,0,'中兴众筹充值订单',1280.00,1);
/*!40000 ALTER TABLE `zte_organization_alipay` ENABLE KEYS */;
UNLOCK TABLES;

--
-- Table structure for table `zte_organization_bank_card`
--

DROP TABLE IF EXISTS `zte_organization_bank_card`;
/*!40101 SET @saved_cs_client     = @@character_set_client */;
/*!50503 SET character_set_client = utf8mb4 */;
CREATE TABLE `zte_organization_bank_card` (
  `id` bigint NOT NULL AUTO_INCREMENT,
  `create_time` datetime NOT NULL,
  `update_time` datetime NOT NULL,
  `bank` varchar(255) NOT NULL,
  `branch` varchar(255) NOT NULL,
  `card_numbers` varchar(255) NOT NULL,
  `name` varchar(255) NOT NULL,
  `phone` varchar(255) NOT NULL,
  `organization_id` bigint DEFAULT NULL,
  PRIMARY KEY (`id`),
  KEY `FKpyocoxvi0jjmkcla8w6vfei4j` (`organization_id`),
  CONSTRAINT `FKpyocoxvi0jjmkcla8w6vfei4j` FOREIGN KEY (`organization_id`) REFERENCES `zte_organization` (`id`)
) ENGINE=InnoDB AUTO_INCREMENT=4 DEFAULT CHARSET=utf8mb3;
/*!40101 SET character_set_client = @saved_cs_client */;

--
-- Dumping data for table `zte_organization_bank_card`
--

LOCK TABLES `zte_organization_bank_card` WRITE;
/*!40000 ALTER TABLE `zte_organization_bank_card` DISABLE KEYS */;
INSERT INTO `zte_organization_bank_card` VALUES (2,'2021-02-04 14:38:58','2021-02-04 14:38:58','CCB','周口支行','6217002510003741198','金库','15518166316',1),(3,'2021-02-04 15:44:25','2021-02-04 15:44:25','ABC','浦东支行','6228480838282959679','玄玄','18186000288',2);
/*!40000 ALTER TABLE `zte_organization_bank_card` ENABLE KEYS */;
UNLOCK TABLES;

--
-- Table structure for table `zte_organization_withdrawal_record`
--

DROP TABLE IF EXISTS `zte_organization_withdrawal_record`;
/*!40101 SET @saved_cs_client     = @@character_set_client */;
/*!50503 SET character_set_client = utf8mb4 */;
CREATE TABLE `zte_organization_withdrawal_record` (
  `id` bigint NOT NULL AUTO_INCREMENT,
  `create_time` datetime NOT NULL,
  `update_time` datetime NOT NULL,
  `bank_card` varchar(255) DEFAULT NULL,
  `money` decimal(19,2) DEFAULT NULL,
  `not_pass_reason` varchar(255) DEFAULT NULL,
  `status` int DEFAULT NULL,
  `organization_id` bigint DEFAULT NULL,
  PRIMARY KEY (`id`),
  KEY `FKcnky1x97k2aehbv2y4nllxhp4` (`organization_id`),
  CONSTRAINT `FKcnky1x97k2aehbv2y4nllxhp4` FOREIGN KEY (`organization_id`) REFERENCES `zte_organization` (`id`)
) ENGINE=InnoDB AUTO_INCREMENT=4 DEFAULT CHARSET=utf8mb3;
/*!40101 SET character_set_client = @saved_cs_client */;

--
-- Dumping data for table `zte_organization_withdrawal_record`
--

LOCK TABLES `zte_organization_withdrawal_record` WRITE;
/*!40000 ALTER TABLE `zte_organization_withdrawal_record` DISABLE KEYS */;
INSERT INTO `zte_organization_withdrawal_record` VALUES (1,'2021-02-04 14:55:45','2021-02-04 14:56:58','6217002510003741198',50000.00,'不能体现了',3,1),(2,'2021-02-04 15:45:03','2021-02-04 15:45:17','6228480838282959679',50.00,NULL,2,2),(3,'2021-02-04 15:45:39','2021-02-04 15:45:59','6228480838282959679',1.00,'年底无法提现',3,2);
/*!40000 ALTER TABLE `zte_organization_withdrawal_record` ENABLE KEYS */;
UNLOCK TABLES;

--
-- Table structure for table `zte_role`
--

DROP TABLE IF EXISTS `zte_role`;
/*!40101 SET @saved_cs_client     = @@character_set_client */;
/*!50503 SET character_set_client = utf8mb4 */;
CREATE TABLE `zte_role` (
  `id` bigint NOT NULL AUTO_INCREMENT,
  `create_time` datetime NOT NULL,
  `update_time` datetime NOT NULL,
  `name` varchar(18) NOT NULL,
  `remark` varchar(128) DEFAULT NULL,
  `status` int DEFAULT NULL,
  PRIMARY KEY (`id`)
) ENGINE=InnoDB AUTO_INCREMENT=6 DEFAULT CHARSET=utf8mb3;
/*!40101 SET character_set_client = @saved_cs_client */;

--
-- Dumping data for table `zte_role`
--

LOCK TABLES `zte_role` WRITE;
/*!40000 ALTER TABLE `zte_role` DISABLE KEYS */;
INSERT INTO `zte_role` VALUES (1,'2020-03-15 13:16:38','2021-02-04 09:07:40','超级管理员','超级管理员拥有最高权限。',1),(2,'2020-03-15 13:18:57','2020-03-21 22:18:43','普通管理员','普通管理员只有部分权限',1),(4,'2020-03-21 20:11:00','2020-03-23 17:49:00','测试角色','sadsa',0),(5,'2021-01-26 10:05:44','2021-02-02 18:26:21','企业','',1);
/*!40000 ALTER TABLE `zte_role` ENABLE KEYS */;
UNLOCK TABLES;

--
-- Table structure for table `zte_role_authorities`
--

DROP TABLE IF EXISTS `zte_role_authorities`;
/*!40101 SET @saved_cs_client     = @@character_set_client */;
/*!50503 SET character_set_client = utf8mb4 */;
CREATE TABLE `zte_role_authorities` (
  `role_id` bigint NOT NULL,
  `authorities_id` bigint NOT NULL,
  KEY `FKhj7ap1o1cjrl7enr9arf5f2qp` (`authorities_id`),
  KEY `FKg3xdaexmr0x1qx8omhvjtk46d` (`role_id`),
  CONSTRAINT `FKg3xdaexmr0x1qx8omhvjtk46d` FOREIGN KEY (`role_id`) REFERENCES `zte_role` (`id`),
  CONSTRAINT `FKhj7ap1o1cjrl7enr9arf5f2qp` FOREIGN KEY (`authorities_id`) REFERENCES `zte_menu` (`id`)
) ENGINE=InnoDB DEFAULT CHARSET=utf8mb3;
/*!40101 SET character_set_client = @saved_cs_client */;

--
-- Dumping data for table `zte_role_authorities`
--

LOCK TABLES `zte_role_authorities` WRITE;
/*!40000 ALTER TABLE `zte_role_authorities` DISABLE KEYS */;
INSERT INTO `zte_role_authorities` VALUES (2,2),(2,3),(2,5),(2,7),(2,11),(2,13),(2,16),(4,2),(4,13),(4,15),(5,27),(5,43),(5,44),(5,45),(5,46),(5,55),(5,92),(5,93),(5,94),(5,47),(5,48),(5,50),(5,51),(5,52),(5,54),(5,59),(5,61),(5,62),(5,63),(5,64),(5,66),(5,67),(5,68),(5,72),(5,73),(5,75),(5,78),(1,2),(1,3),(1,5),(1,8),(1,9),(1,7),(1,10),(1,11),(1,12),(1,13),(1,14),(1,15),(1,16),(1,19),(1,20),(1,21),(1,22),(1,23),(1,24),(1,25),(1,26),(1,27),(1,28),(1,29),(1,31),(1,32),(1,36),(1,37),(1,38),(1,39),(1,60),(1,57),(1,58),(1,65),(1,69),(1,70),(1,30),(1,40),(1,41),(1,42),(1,53),(1,76),(1,77),(1,33),(1,34),(1,35),(1,87),(1,88),(1,79),(1,80),(1,81),(1,82),(1,83),(1,84),(1,85),(1,86),(1,89),(1,90),(1,91);
/*!40000 ALTER TABLE `zte_role_authorities` ENABLE KEYS */;
UNLOCK TABLES;

--
-- Table structure for table `zte_user`
--

DROP TABLE IF EXISTS `zte_user`;
/*!40101 SET @saved_cs_client     = @@character_set_client */;
/*!50503 SET character_set_client = utf8mb4 */;
CREATE TABLE `zte_user` (
  `id` bigint NOT NULL AUTO_INCREMENT,
  `create_time` datetime NOT NULL,
  `update_time` datetime NOT NULL,
  `email` varchar(32) DEFAULT NULL,
  `head_pic` varchar(128) DEFAULT NULL,
  `mobile` varchar(12) DEFAULT NULL,
  `password` varchar(32) NOT NULL,
  `sex` int DEFAULT NULL,
  `status` int DEFAULT NULL,
  `username` varchar(18) NOT NULL,
  `role_id` bigint DEFAULT NULL,
  PRIMARY KEY (`id`),
  UNIQUE KEY `UK_btsosjytrl4hu7fnm1intcpo8` (`username`),
  KEY `FKg09b8o67eu61st68rv6nk8npj` (`role_id`),
  CONSTRAINT `FKg09b8o67eu61st68rv6nk8npj` FOREIGN KEY (`role_id`) REFERENCES `zte_role` (`id`)
) ENGINE=InnoDB AUTO_INCREMENT=6 DEFAULT CHARSET=utf8mb3;
/*!40101 SET character_set_client = @saved_cs_client */;

--
-- Dumping data for table `zte_user`
--

LOCK TABLES `zte_user` WRITE;
/*!40000 ALTER TABLE `zte_user` DISABLE KEYS */;
INSERT INTO `zte_user` VALUES (1,'2020-03-18 19:18:53','2021-02-03 09:36:34','zte@qq.com','20200322/1584850135123.jpg','13356565656','123456',1,1,'中兴',1),(2,'2020-03-18 19:20:36','2020-03-21 22:18:55','llq@qq.com','20200318/1584530412075.jpg','13918655656','123456',1,1,'测试账号',2),(5,'2020-03-20 20:42:19','2020-03-23 17:50:19','yw@qq.com','20200323/1584956702094.png','13356565656','123456',1,1,'小刘同志',4);
/*!40000 ALTER TABLE `zte_user` ENABLE KEYS */;
UNLOCK TABLES;

--
-- Table structure for table `zte_user_alipay`
--

DROP TABLE IF EXISTS `zte_user_alipay`;
/*!40101 SET @saved_cs_client     = @@character_set_client */;
/*!50503 SET character_set_client = utf8mb4 */;
CREATE TABLE `zte_user_alipay` (
  `id` bigint NOT NULL AUTO_INCREMENT,
  `create_time` datetime NOT NULL,
  `update_time` datetime NOT NULL,
  `body` varchar(255) DEFAULT NULL,
  `out_trade_no` varchar(255) NOT NULL,
  `pay_sn` varchar(255) DEFAULT NULL,
  `pay_time` datetime DEFAULT NULL,
  `status` int DEFAULT NULL,
  `subject` varchar(255) NOT NULL,
  `total_amount` decimal(19,2) NOT NULL,
  `home_user_id` bigint DEFAULT NULL,
  PRIMARY KEY (`id`),
  UNIQUE KEY `UK_rsgrwupjb4wu1r2w45yjivwll` (`out_trade_no`),
  KEY `FK8gwc576tesnoh4wobh1fje4iq` (`home_user_id`),
  CONSTRAINT `FK8gwc576tesnoh4wobh1fje4iq` FOREIGN KEY (`home_user_id`) REFERENCES `zte_home_user` (`id`)
) ENGINE=InnoDB DEFAULT CHARSET=utf8mb3;
/*!40101 SET character_set_client = @saved_cs_client */;

--
-- Dumping data for table `zte_user_alipay`
--

LOCK TABLES `zte_user_alipay` WRITE;
/*!40000 ALTER TABLE `zte_user_alipay` DISABLE KEYS */;
/*!40000 ALTER TABLE `zte_user_alipay` ENABLE KEYS */;
UNLOCK TABLES;

--
-- Table structure for table `zte_user_bank_card`
--

DROP TABLE IF EXISTS `zte_user_bank_card`;
/*!40101 SET @saved_cs_client     = @@character_set_client */;
/*!50503 SET character_set_client = utf8mb4 */;
CREATE TABLE `zte_user_bank_card` (
  `id` bigint NOT NULL AUTO_INCREMENT,
  `create_time` datetime NOT NULL,
  `update_time` datetime NOT NULL,
  `bank` varchar(255) NOT NULL,
  `branch` varchar(255) NOT NULL,
  `card_numbers` varchar(255) NOT NULL,
  `name` varchar(255) NOT NULL,
  `phone` varchar(255) NOT NULL,
  `home_user_id` bigint DEFAULT NULL,
  PRIMARY KEY (`id`),
  KEY `FKql7v69vmhu8tuty3e4oy3bogv` (`home_user_id`),
  CONSTRAINT `FKql7v69vmhu8tuty3e4oy3bogv` FOREIGN KEY (`home_user_id`) REFERENCES `zte_home_user` (`id`)
) ENGINE=InnoDB AUTO_INCREMENT=3 DEFAULT CHARSET=utf8mb3;
/*!40101 SET character_set_client = @saved_cs_client */;

--
-- Dumping data for table `zte_user_bank_card`
--

LOCK TABLES `zte_user_bank_card` WRITE;
/*!40000 ALTER TABLE `zte_user_bank_card` DISABLE KEYS */;
INSERT INTO `zte_user_bank_card` VALUES (1,'2021-03-05 17:00:32','2021-03-05 17:00:32','ABC','浦东支行','6228480838282959679','玄玄','18186000288',4),(2,'2021-03-05 17:01:14','2021-03-05 17:01:14','CCB','周口支行','6217002510003741198','周口支行','18186000288',4);
/*!40000 ALTER TABLE `zte_user_bank_card` ENABLE KEYS */;
UNLOCK TABLES;

--
-- Table structure for table `zte_user_withdrawal_record`
--

DROP TABLE IF EXISTS `zte_user_withdrawal_record`;
/*!40101 SET @saved_cs_client     = @@character_set_client */;
/*!50503 SET character_set_client = utf8mb4 */;
CREATE TABLE `zte_user_withdrawal_record` (
  `id` bigint NOT NULL AUTO_INCREMENT,
  `create_time` datetime NOT NULL,
  `update_time` datetime NOT NULL,
  `bank_card` varchar(255) DEFAULT NULL,
  `money` decimal(19,2) DEFAULT NULL,
  `not_pass_reason` varchar(255) DEFAULT NULL,
  `status` int DEFAULT NULL,
  `home_user_id` bigint DEFAULT NULL,
  PRIMARY KEY (`id`),
  KEY `FK31jte4pb3ndoq5ghn3vkp9k50` (`home_user_id`),
  CONSTRAINT `FK31jte4pb3ndoq5ghn3vkp9k50` FOREIGN KEY (`home_user_id`) REFERENCES `zte_home_user` (`id`)
) ENGINE=InnoDB AUTO_INCREMENT=2 DEFAULT CHARSET=utf8mb3;
/*!40101 SET character_set_client = @saved_cs_client */;

--
-- Dumping data for table `zte_user_withdrawal_record`
--

LOCK TABLES `zte_user_withdrawal_record` WRITE;
/*!40000 ALTER TABLE `zte_user_withdrawal_record` DISABLE KEYS */;
INSERT INTO `zte_user_withdrawal_record` VALUES (1,'2021-03-05 17:01:35','2021-03-05 17:01:35','6217002510003741198',100000.00,NULL,1,4);
/*!40000 ALTER TABLE `zte_user_withdrawal_record` ENABLE KEYS */;
UNLOCK TABLES;

--
-- Dumping routines for database 'db_auction_system'
--
/*!40103 SET TIME_ZONE=@OLD_TIME_ZONE */;

/*!40101 SET SQL_MODE=@OLD_SQL_MODE */;
/*!40014 SET FOREIGN_KEY_CHECKS=@OLD_FOREIGN_KEY_CHECKS */;
/*!40014 SET UNIQUE_CHECKS=@OLD_UNIQUE_CHECKS */;
/*!40101 SET CHARACTER_SET_CLIENT=@OLD_CHARACTER_SET_CLIENT */;
/*!40101 SET CHARACTER_SET_RESULTS=@OLD_CHARACTER_SET_RESULTS */;
/*!40101 SET COLLATION_CONNECTION=@OLD_COLLATION_CONNECTION */;
/*!40111 SET SQL_NOTES=@OLD_SQL_NOTES */;

-- Dump completed on 2023-06-22 21:56:00
